,Days,Index
0,0,19002.859375
1,1,18542.55078125
2,2,18168.26953125
3,3,18193.41015625
4,7,18850.919921875
5,8,18677.419921875
6,9,18833.2890625
7,10,18956.55078125
8,13,19437.23046875
9,14,19196.5703125
10,15,18897.75
11,16,19008.009765625
12,17,18878.08984375
13,20,19056.7109375
14,21,18895.529296875
15,22,19111.189453125
16,23,19209.720703125
17,24,19434.779296875
18,27,19539.69921875
19,28,19423.380859375
20,29,19578.91015625
21,30,19786.419921875
22,31,19763.130859375
23,34,19945.4296875
24,35,19868.880859375
25,36,20007.76953125
26,37,19710.01953125
27,41,19556.4609375
28,42,19367.830078125
29,43,19599.1796875
30,44,19791.400390625
31,45,19789.029296875
32,48,19543.75
33,49,19390.580078125
34,50,19519.55078125
35,51,19571.439453125
36,52,19817.880859375
37,55,19720.099609375
38,56,19959.51953125
39,57,20081.669921875
40,58,20065.109375
41,59,19927.5390625
42,62,19796.349609375
43,63,19944.240234375
44,64,19766.80078125
45,65,19662.330078125
46,66,19750.400390625
47,69,19189.9296875
48,70,19141.83984375
49,71,19078.599609375
50,72,19253.23046875
51,73,19566.3203125
52,77,19602.359375
53,78,19733.58984375
54,79,19704.599609375
55,80,19958.080078125
56,83,20281.029296875
57,84,20374.33984375
58,85,20706.650390625
59,86,20441.5
60,87,20337.3203125
61,90,20726.990234375
62,91,20594.9296875
63,92,20462.76953125
64,93,20223.609375
65,94,20252.810546875
66,97,20619.060546875
67,98,20522.51953125
68,99,20833.2109375
69,100,20526.419921875
70,101,20434.6796875
71,104,19008.640625
72,105,18969.51953125
73,106,19086.619140625
74,107,18959.3203125
75,108,18252.6796875
76,111,18480.150390625
77,112,18272.330078125
78,113,18134.310546875
79,114,18019.169921875
80,115,17973.69921875
81,118,18403.080078125
82,119,18439.359375
83,125,18199.9609375
84,126,17844.5390625
85,127,17701.470703125
86,128,16882.4609375
87,129,17357.859375
88,132,17313.689453125
89,133,17551.25
90,134,17404.029296875
91,135,17031.630859375
92,136,16858.169921875
93,139,16386.009765625
94,140,16318.73046875
95,141,16044.4404296875
96,142,16247.8203125
97,143,16008.1396484375
98,146,16245.4404296875
99,147,16228.900390625
100,148,16332.4501953125
101,149,16694.30078125
102,150,16800.060546875
103,153,17201.7890625
104,154,17170.080078125
105,155,17144.9609375
106,156,17004.33984375
107,157,16861.91015625
108,160,16980.609375
109,161,16914.94921875
110,162,16654.419921875
111,163,16338.7001953125
112,164,16318.3095703125
113,167,16591.349609375
114,168,16907.55078125
115,169,17210.080078125
116,170,17106.009765625
117,171,16963.2109375
118,174,16925.400390625
119,175,17279.060546875
120,176,17370.169921875
121,177,17475.900390625
122,178,17411.05078125
123,181,17614.66015625
124,182,17470.150390625
125,183,17435.94921875
126,184,17282.369140625
127,185,17398.240234375
128,188,17572.6796875
129,189,17504.359375
130,190,17342.130859375
131,191,17036.900390625
132,192,17142.900390625
133,195,17286.830078125
134,196,16945.0703125
135,197,16983.5703125
136,199,16811.490234375
137,202,16547.119140625
138,203,16573.58984375
139,204,16502.609375
140,205,16182.009765625
141,206,15838.5703125
142,209,15727.490234375
143,210,16099.669921875
144,211,16206.1904296875
145,212,15814.4404296875
146,213,15667.3603515625
147,216,16002.7099609375
148,217,15820.1103515625
149,218,16034.599609375
150,219,15975.650390625
151,220,16117.5
152,223,16153.91015625
153,224,16298.2900390625
154,225,16356.0302734375
155,226,16161.0302734375
156,227,16280.490234375
157,230,16040.1796875
158,231,16454.740234375
159,232,16436.650390625
160,233,16670.8203125
161,234,16911.330078125
162,237,17181.119140625
163,238,17141.75
164,239,16901.669921875
165,240,16861.259765625
166,241,16739.779296875
167,244,16688.2109375
168,245,16452.26953125
169,246,16399.869140625
170,247,16300.4599609375
171,248,16501.55078125
172,251,16130.900390625
173,252,16040.23046875
174,253,16190.51953125
175,254,16213.2802734375
176,258,16061.16015625
177,259,16124.1904296875
178,260,16458.310546875
179,261,16311.0498046875
180,262,15818.25
181,265,15992.900390625
182,266,15928.6201171875
183,267,15639.9501953125
184,268,15626.9599609375
185,269,15747.259765625
186,272,15902.509765625
187,273,15912.08984375
188,274,16149.080078125
189,275,16099.259765625
190,276,15994.240234375
191,280,15827.7197265625
192,281,15513.5703125
193,282,15550.6396484375
194,283,15330.3095703125
195,286,15512.3203125
196,287,15340.2197265625
197,288,14872.48046875
198,289,14811.080078125
199,290,15198.73046875
200,293,15097.9599609375
201,294,15148.1904296875
202,295,14840.4697265625
203,296,14858.4296875
204,297,14582.2001953125
205,300,14464.5595703125
206,301,14539.599609375
207,302,14872.3896484375
208,303,14837.7802734375
209,307,15371.4404296875
210,308,15340.330078125
211,309,15399.6396484375
212,310,15060.0498046875
213,311,14988.5400390625
214,314,14664.6396484375
215,315,14660.0400390625
216,316,14799.1396484375
217,317,14587.0302734375
218,318,14544.2998046875
219,321,14531.650390625
220,322,14408.4599609375
221,323,14301.3095703125
222,325,14315.349609375
223,328,14720.3896484375
224,329,14658.8701171875
225,330,14507.6396484375
226,331,14648.509765625
227,332,14835.330078125
228,335,14954.73046875
229,336,14695.0498046875
230,337,14889.3701171875
231,338,14720.3603515625
232,339,14696.509765625
233,342,15015.7001953125
234,343,15114.6396484375
235,344,15168.6796875
236,345,14927.1904296875
237,346,14552.2900390625
238,349,14483.900390625
239,350,14132.3701171875
240,351,13914.4296875
241,352,13423.2099609375
242,353,13427.080078125
243,356,13931.6103515625
244,357,14007.849609375
245,358,13981.490234375
246,359,13946.9599609375
247,360,13785.6904296875
248,366,13691.490234375
249,367,13867.6103515625
250,371,13610.509765625
251,372,13432.650390625
252,373,13201.0703125
253,374,13347.740234375
254,377,13506.23046875
255,378,13584.4501953125
256,379,13667.6298828125
257,380,13873.919921875
258,381,13989.1201171875
259,384,14032.419921875
260,385,13984.66015625
261,386,13893.580078125
262,387,13803.3798828125
263,388,13696.0595703125
264,391,13845.2802734375
265,392,13826.650390625
266,393,13843.5498046875
267,394,13779.5498046875
268,395,13703.6298828125
269,398,13385.51953125
270,399,13269.849609375
271,400,13366.009765625
272,401,13138.23046875
273,402,13422.830078125
274,406,13274.7001953125
275,407,13284.0595703125
276,408,13327.3896484375
277,409,13175.490234375
278,412,13119.58984375
279,413,13248.3603515625
280,414,13100.080078125
281,415,13073.3603515625
282,416,13246.0
283,419,13201.1396484375
284,420,13059.8603515625
285,421,12883.5400390625
286,422,12681.66015625
287,423,12261.7998046875
288,426,12322.16015625
289,427,12687.740234375
290,428,12723.8896484375
291,429,12650.5595703125
292,430,12627.900390625
293,433,12171.3701171875
294,434,11819.7001953125
295,435,11843.58984375
296,436,12152.830078125
297,437,12232.98046875
298,440,12190.9697265625
299,442,13103.9404296875
300,443,12853.9697265625
301,444,13214.5400390625
302,447,13862.3095703125
303,448,13638.330078125
304,449,13765.509765625
305,450,13072.3603515625
306,451,12999.7001953125
307,454,12937.8603515625
308,455,13124.4697265625
309,456,13242.7802734375
310,457,13381.3798828125
311,458,13383.759765625
312,461,12841.759765625
313,462,12620.26953125
314,463,13174.9296875
315,464,13352.4404296875
316,465,13385.7197265625
317,468,13254.8896484375
318,469,13067.08984375
319,470,13641.7900390625
320,471,13868.2802734375
321,472,13765.669921875
322,475,13715.599609375
323,476,13743.1796875
324,477,13827.5
325,478,13973.0302734375
326,479,13934.3203125
327,483,14425.4599609375
328,484,14421.6396484375
329,489,14529.41015625
330,490,14289.0498046875
331,491,14084.849609375
332,492,14017.7900390625
333,493,14043.919921875
334,496,13873.01953125
335,497,14054.0302734375
336,498,13694.26953125
337,499,13910.669921875
338,500,13877.76953125
339,503,14176.830078125
340,504,14091.1904296875
341,505,14067.7001953125
342,506,13895.7900390625
343,507,13765.919921875
344,510,13737.76953125
345,511,13773.8896484375
346,512,13493.349609375
347,513,13262.1396484375
348,514,13261.83984375
349,517,13312.349609375
350,518,13182.0
351,519,13174.83984375
352,520,13277.509765625
353,521,13430.2197265625
354,524,13226.48046875
355,525,12840.099609375
356,526,12823.4501953125
357,527,12846.66015625
358,528,12790.3798828125
359,531,12697.7900390625
360,532,12574.259765625
361,533,12674.6396484375
362,534,12962.4296875
363,535,13044.6103515625
364,538,12896.4697265625
365,539,12978.8203125
366,540,12828.98046875
367,541,12679.8798828125
368,542,12969.0498046875
369,545,12751.1796875
370,546,12817.41015625
371,547,12629.01953125
372,548,12607.2998046875
373,549,12306.080078125
374,552,12239.6796875
375,553,12300.41015625
376,554,12005.1103515625
377,555,12407.9501953125
378,556,12355.150390625
379,559,12343.3701171875
380,560,12128.5703125
381,561,11892.580078125
382,562,11908.3896484375
383,566,11609.6298828125
384,567,11883.25
385,568,11891.6103515625
386,569,11858.5595703125
387,570,11798.080078125
388,573,11579.26953125
389,574,11860.76953125
390,575,11959.330078125
391,576,12399.2001953125
392,577,12241.9697265625
393,580,12243.900390625
394,581,12319.4599609375
395,582,12163.669921875
396,583,11754.5595703125
397,584,11735.0595703125
398,587,11477.5595703125
399,588,11917.9501953125
400,589,11755.400390625
401,590,11515.01953125
402,591,11445.5400390625
403,594,11257.9404296875
404,595,11280.3798828125
405,596,11396.4296875
406,597,11126.919921875
407,598,11166.3095703125
408,601,11275.009765625
409,602,11189.400390625
410,603,10979.759765625
411,604,10938.4501953125
412,605,10713.509765625
413,608,10409.6796875
414,609,10772.58984375
415,610,10598.7900390625
416,611,10650.330078125
417,612,10516.7900390625
418,615,10195.6904296875
419,616,10292.9501953125
420,617,9610.099609375
421,618,9613.08984375
422,619,10008.8896484375
423,622,9504.41015625
424,623,9679.8798828125
425,624,9939.599609375
426,625,9785.16015625
427,626,9554.990234375
428,630,9693.9697265625
429,631,9641.7001953125
430,632,9696.5302734375
431,633,9774.6796875
432,636,9972.2802734375
433,637,10136.5595703125
434,638,9924.23046875
435,639,10205.48046875
436,640,10205.8701171875
437,644,10011.76953125
438,645,9964.8798828125
439,646,10347.009765625
440,647,10632.349609375
441,650,10452.5400390625
442,651,10637.8203125
443,652,10755.4501953125
444,653,10474.849609375
445,654,10538.7900390625
446,657,10565.41015625
447,658,10861.5595703125
448,659,10802.150390625
449,660,10880.099609375
450,661,10795.16015625
451,664,10612.3095703125
452,665,10512.8203125
453,666,10366.33984375
454,667,10347.2802734375
455,668,10383.7802734375
456,671,10447.5400390625
457,672,10633.7197265625
458,673,10284.98046875
459,674,10431.7900390625
460,675,10215.7099609375
461,678,10081.5595703125
462,679,10030.5595703125
463,680,10086.759765625
464,681,10489.8896484375
465,682,10649.08984375
466,685,10727.9404296875
467,686,10575.6201171875
468,687,10661.080078125
469,688,10696.8203125
470,692,11064.2998046875
471,693,10948.8896484375
472,694,10624.8095703125
473,695,10655.9599609375
474,696,10697.4404296875
475,699,10370.6201171875
476,700,10452.650390625
477,701,10713.8095703125
478,702,10857.2802734375
479,703,10796.8896484375
480,706,10571.009765625
481,707,10473.91015625
482,708,10801.51953125
483,709,10433.4501953125
484,710,10511.650390625
485,713,10323.349609375
486,714,10432.169921875
487,715,10471.9296875
488,716,10434.51953125
489,717,10335.4501953125
490,721,10254.8095703125
491,722,10192.5703125
492,723,10457.6103515625
493,724,10542.6201171875
494,731,10871.490234375
495,734,10942.3603515625
496,735,10695.599609375
497,736,10663.98046875
498,737,10538.4296875
499,738,10441.58984375
500,742,10208.0498046875
501,743,10177.580078125
502,744,10128.1796875
503,745,10293.3203125
504,748,10280.25
505,749,10050.98046875
506,750,10040.91015625
507,751,10074.0498046875
508,752,10144.1396484375
509,755,10220.849609375
510,756,10026.0302734375
511,757,9919.48046875
512,758,9997.7998046875
513,759,9791.4296875
514,762,9631.9296875
515,763,9475.599609375
516,764,9420.849609375
517,765,9583.26953125
518,766,9686.0595703125
519,770,9877.990234375
520,771,9968.349609375
521,772,10081.08984375
522,773,10048.099609375
523,776,10093.25
524,777,9847.16015625
525,778,9834.1298828125
526,779,10295.419921875
527,780,10356.7802734375
528,783,10296.4697265625
529,784,10202.6298828125
530,785,10573.08984375
531,786,10587.830078125
532,787,10812.0
533,790,11450.2197265625
534,791,11348.4501953125
535,792,11358.5302734375
536,793,11648.33984375
537,794,11885.7900390625
538,797,11919.2998046875
539,798,11607.330078125
540,799,11415.3095703125
541,800,11568.8203125
542,801,11648.009765625
543,804,11498.3798828125
544,805,11792.8203125
545,806,11526.7802734375
546,808,11345.080078125
547,811,11261.08984375
548,812,11207.919921875
549,813,11323.6796875
550,814,11333.1103515625
551,815,11024.9404296875
552,818,11028.7001953125
553,819,11204.490234375
554,820,11400.7099609375
555,821,11379.2001953125
556,822,11335.490234375
557,825,11352.8896484375
558,826,11114.490234375
559,827,11218.580078125
560,828,11147.26953125
561,829,10962.98046875
562,832,11137.2998046875
563,833,11346.66015625
564,834,11543.7099609375
565,835,11575.73046875
566,836,11512.009765625
567,839,11721.6396484375
568,840,11736.830078125
569,841,11672.8798828125
570,842,11648.7197265625
571,843,11541.3896484375
572,847,11492.5400390625
573,848,11552.7900390625
574,849,11551.009765625
575,854,11316.0400390625
576,855,11520.75
577,856,11633.2998046875
578,857,11531.1103515625
579,860,11336.9501953125
580,861,11356.1904296875
581,862,11642.9697265625
582,863,11738.6904296875
583,864,11847.3203125
584,867,11856.5400390625
585,868,11801.16015625
586,869,11961.98046875
587,870,11979.849609375
588,871,11976.2802734375
589,874,11976.349609375
590,875,11936.080078125
591,876,11853.0
592,877,11770.0302734375
593,878,11763.7001953125
594,881,11901.3896484375
595,882,11653.0703125
596,883,11663.8701171875
597,884,11574.9404296875
598,885,11438.5302734375
599,888,11370.2099609375
600,889,11449.4404296875
601,890,11327.0595703125
602,891,11144.83984375
603,892,10920.6298828125
604,895,10664.1103515625
605,896,10839.9296875
606,897,10476.1796875
607,898,10612.98046875
608,899,10354.349609375
609,902,10471.3203125
610,903,10496.669921875
611,904,10074.5595703125
612,905,10261.599609375
613,906,10621.83984375
614,909,10595.4404296875
615,910,10622.3203125
616,911,10812.2998046875
617,912,10632.8095703125
618,913,10826.08984375
619,916,10769.2001953125
620,917,10960.25
621,918,10752.66015625
622,919,10485.740234375
623,920,10601.4501953125
624,923,10375.150390625
625,924,10250.419921875
626,925,10296.01953125
627,926,10498.259765625
628,927,10202.3603515625
629,930,10189.009765625
630,931,10215.6298828125
631,932,9947.7197265625
632,933,9929.91015625
633,934,9591.0302734375
634,937,9666.669921875
635,938,10003.7197265625
636,939,9877.9404296875
637,940,9793.509765625
638,941,9709.66015625
639,944,9704.9296875
640,945,9501.01953125
641,946,9834.400390625
642,947,9799.5703125
643,948,9999.7900390625
644,951,9747.8203125
645,952,9688.6103515625
646,953,9638.41015625
647,954,9795.5703125
648,955,9788.1298828125
649,958,9599.099609375
650,959,9620.6904296875
651,960,9642.6103515625
652,961,9814.01953125
653,962,9867.4501953125
654,965,10067.740234375
655,966,9907.2998046875
656,967,9766.73046875
657,968,9620.1396484375
658,969,9619.2998046875
659,972,9521.6298828125
660,973,9217.0400390625
661,974,9075.08984375
662,975,9222.1201171875
663,976,9129.0703125
664,979,9306.259765625
665,980,9309.3095703125
666,981,9400.080078125
667,982,9415.23046875
668,983,9241.9296875
669,987,9543.9404296875
670,988,9472.0595703125
671,989,9669.6201171875
672,990,9481.080078125
673,994,9321.6396484375
674,995,9165.41015625
675,996,9320.919921875
676,997,9530.4404296875
677,1000,9383.2900390625
678,1001,9162.259765625
679,1002,9049.330078125
680,1003,8936.4296875
681,1004,9027.5498046875
682,1007,8688.0
683,1008,8708.900390625
684,1009,8539.33984375
685,1010,8439.6201171875
686,1011,8529.6103515625
687,1015,8836.73046875
688,1016,8884.8701171875
689,1017,8959.8798828125
690,1018,9086.1298828125
691,1021,8978.41015625
692,1022,8689.3896484375
693,1023,8714.51953125
694,1024,8614.2998046875
695,1025,8726.2900390625
696,1028,8757.509765625
697,1029,8708.759765625
698,1030,8756.58984375
699,1031,8640.48046875
700,1032,8685.7197265625
701,1036,8937.5595703125
702,1037,8953.2900390625
703,1038,8920.4404296875
704,1039,8690.76953125
705,1042,8460.3701171875
706,1043,8464.76953125
707,1044,8438.51953125
708,1045,8303.3896484375
709,1046,8503.58984375
710,1049,8346.009765625
711,1050,8365.259765625
712,1051,8459.6201171875
713,1052,8668.0595703125
714,1053,8772.5595703125
715,1056,8944.4404296875
716,1057,8823.990234375
717,1058,8875.8798828125
718,1059,9176.7802734375
719,1060,9215.5595703125
720,1063,9174.4697265625
721,1064,9205.1103515625
722,1065,9006.73046875
723,1066,8917.5703125
724,1067,8863.259765625
725,1070,8828.0498046875
726,1071,8804.51953125
727,1072,8727.66015625
728,1073,8708.6904296875
729,1074,8516.0703125
730,1077,8450.9404296875
731,1078,8510.73046875
732,1079,8344.009765625
733,1080,8387.5703125
734,1081,8406.8798828125
735,1085,8512.3701171875
736,1086,8501.1396484375
737,1087,8700.099609375
738,1088,8714.0498046875
739,1091,8578.9501953125
740,1098,8713.330078125
741,1099,8656.5
742,1100,8517.7998046875
743,1101,8497.9296875
744,1102,8470.4501953125
745,1106,8553.0595703125
746,1107,8611.75
747,1108,8609.169921875
748,1109,8690.25
749,1112,8558.8203125
750,1113,8708.580078125
751,1114,8611.0400390625
752,1115,8790.919921875
753,1116,8731.650390625
754,1119,8609.4697265625
755,1120,8525.3896484375
756,1121,8331.080078125
757,1122,8316.8095703125
758,1123,8339.9404296875
759,1126,8500.7900390625
760,1127,8484.900390625
761,1128,8549.849609375
762,1129,8484.1904296875
763,1130,8448.16015625
764,1133,8484.9296875
765,1135,8664.169921875
766,1136,8599.66015625
767,1137,8701.919921875
768,1140,8771.8896484375
769,1141,8692.9697265625
770,1142,8678.4404296875
771,1143,8650.919921875
772,1144,8513.5400390625
773,1147,8564.9501953125
774,1148,8360.490234375
775,1149,8356.8095703125
776,1150,8359.3798828125
777,1151,8363.0400390625
778,1154,8490.400390625
779,1155,8480.2197265625
780,1156,8472.6201171875
781,1157,8369.150390625
782,1158,8144.1201171875
783,1161,8042.259765625
784,1162,7862.43017578125
785,1163,7943.0400390625
786,1164,7868.56005859375
787,1165,8002.68994140625
788,1168,7871.64013671875
789,1169,7954.4599609375
790,1170,8051.0400390625
791,1171,8195.0498046875
792,1175,8435.0703125
793,1176,8238.759765625
794,1177,8351.919921875
795,1178,8368.669921875
796,1179,8280.16015625
797,1182,7972.7099609375
798,1183,7986.72021484375
799,1184,8069.85009765625
800,1185,8017.75
801,1186,8074.1201171875
802,1189,8249.98046875
803,1190,8131.41015625
804,1191,8057.60986328125
805,1192,7980.1201171875
806,1193,7816.490234375
807,1196,7752.10009765625
808,1197,7838.830078125
809,1198,7879.490234375
810,1199,7821.89990234375
811,1200,7874.509765625
812,1203,7969.080078125
813,1204,7790.4599609375
814,1205,7793.3798828125
815,1206,7854.56982421875
816,1207,7699.5
817,1210,7607.8798828125
818,1212,7831.419921875
819,1213,7863.2900390625
820,1214,7907.18994140625
821,1218,8083.56005859375
822,1219,8109.77001953125
823,1220,8031.5498046875
824,1221,8152.16015625
825,1224,8221.1201171875
826,1225,8190.259765625
827,1226,8244.91015625
828,1227,8123.39990234375
829,1228,8117.2900390625
830,1231,8039.1298828125
831,1232,8059.47998046875
832,1233,8018.509765625
833,1234,8051.66015625
834,1235,8184.759765625
835,1238,8227.3203125
836,1239,8120.240234375
837,1240,8234.1796875
838,1241,8375.3603515625
839,1242,8424.509765625
840,1245,8547.169921875
841,1246,8564.490234375
842,1247,8557.8603515625
843,1248,8657.23046875
844,1249,8785.8701171875
845,1252,8822.73046875
846,1253,8789.08984375
847,1254,8890.2998046875
848,1255,8918.599609375
849,1256,8980.6396484375
850,1259,8839.830078125
851,1260,9033.0
852,1261,9092.9697265625
853,1262,9110.509765625
854,1263,9120.3896484375
855,1266,9137.1396484375
856,1267,8919.259765625
857,1268,8932.259765625
858,1269,8923.41015625
859,1270,9104.0595703125
860,1273,9083.1103515625
861,1274,9278.490234375
862,1275,9592.240234375
863,1276,9624.7998046875
864,1277,9547.73046875
865,1280,9795.16015625
866,1281,9898.7197265625
867,1282,9990.9501953125
868,1283,9955.6201171875
869,1284,9635.349609375
870,1287,9755.6298828125
871,1288,9751.0
872,1289,9735.9697265625
873,1290,9498.8603515625
874,1291,9527.73046875
875,1295,9485.9697265625
876,1296,9615.33984375
877,1297,9671.0
878,1298,9648.009765625
879,1301,9839.91015625
880,1302,9834.3095703125
881,1303,9632.66015625
882,1304,9563.2099609375
883,1305,9611.669921875
884,1308,9452.7900390625
885,1309,9382.580078125
886,1310,9323.91015625
887,1311,9265.5595703125
888,1312,9327.5302734375
889,1315,9487.7998046875
890,1316,9564.8095703125
891,1317,9752.75
892,1318,9913.4697265625
893,1319,9863.4697265625
894,1322,10032.9697265625
895,1323,10174.099609375
896,1324,10292.0595703125
897,1325,10362.6904296875
898,1326,10281.169921875
899,1329,10276.6396484375
900,1330,10332.5703125
901,1331,10308.990234375
902,1332,10225.2197265625
903,1333,10343.5498046875
904,1336,10670.1796875
905,1337,10690.080078125
906,1338,10715.6904296875
907,1339,10646.9501953125
908,1340,10650.76953125
909,1343,10683.759765625
910,1344,10922.0400390625
911,1345,10856.3203125
912,1346,10546.330078125
913,1347,10712.8095703125
914,1351,10887.0302734375
915,1352,10990.1103515625
916,1353,11033.3203125
917,1354,10938.419921875
918,1357,10475.099609375
919,1359,10502.2900390625
920,1360,10310.0400390625
921,1361,10318.4404296875
922,1364,10229.5703125
923,1365,10219.0498046875
924,1366,10361.240234375
925,1367,10593.5302734375
926,1368,10709.2900390625
927,1371,10740.1396484375
928,1372,10820.330078125
929,1373,10542.2001953125
930,1374,10531.4404296875
931,1375,10786.0400390625
932,1379,10966.4296875
933,1380,10899.9501953125
934,1381,11025.150390625
935,1382,11037.8896484375
936,1385,11161.7099609375
937,1386,11031.51953125
938,1387,10889.6201171875
939,1388,10335.16015625
940,1389,10335.7001953125
941,1392,10454.1201171875
942,1393,10561.009765625
943,1394,10739.2197265625
944,1395,10695.5595703125
945,1396,10559.58984375
946,1400,10847.9697265625
947,1401,10837.5400390625
948,1402,10552.2998046875
949,1403,10628.98046875
950,1406,10504.5400390625
951,1407,10207.0400390625
952,1408,10226.2197265625
953,1409,10337.669921875
954,1410,10167.0595703125
955,1413,9786.830078125
956,1414,9897.0498046875
957,1415,9614.599609375
958,1416,9865.7001953125
959,1417,9852.830078125
960,1421,9960.2001953125
961,1422,10144.830078125
962,1423,10163.3798828125
963,1424,10100.5703125
964,1427,10403.26953125
965,1428,10410.150390625
966,1429,10326.3896484375
967,1430,10429.990234375
968,1431,10373.4599609375
969,1434,10045.33984375
970,1435,10124.2802734375
971,1436,9910.5595703125
972,1437,10075.1396484375
973,1438,10169.66015625
974,1441,10490.76953125
975,1442,10271.599609375
976,1443,10092.6396484375
977,1444,10104.0
978,1445,10284.5400390625
979,1448,10372.509765625
980,1450,10371.26953125
981,1451,10365.349609375
982,1452,10417.41015625
983,1455,10500.6201171875
984,1456,10676.6396484375
985,1462,10825.169921875
986,1463,10813.990234375
987,1464,10757.8203125
988,1465,10837.650390625
989,1466,10965.0498046875
990,1470,10849.6796875
991,1471,10863.0
992,1472,10665.150390625
993,1473,10857.2001953125
994,1476,11036.330078125
995,1477,11103.099609375
996,1478,11002.3896484375
997,1479,11000.7001953125
998,1480,11069.009765625
999,1483,10972.599609375
1000,1484,10928.0302734375
1001,1485,10852.4697265625
1002,1486,10779.4404296875
1003,1487,10783.6103515625
1004,1490,10776.73046875
1005,1491,10641.919921875
1006,1492,10447.25
1007,1493,10464.599609375
1008,1494,10460.919921875
1009,1497,10402.6103515625
1010,1498,10365.400390625
1011,1500,10459.259765625
1012,1501,10557.6904296875
1013,1504,10548.7197265625
1014,1505,10701.1298828125
1015,1506,10676.8095703125
1016,1507,10753.7998046875
1017,1508,10720.6904296875
1018,1511,10868.9599609375
1019,1512,10644.1298828125
1020,1513,10658.73046875
1021,1514,10815.2900390625
1022,1515,11041.919921875
1023,1518,11271.1201171875
1024,1519,11361.509765625
1025,1520,11351.919921875
1026,1521,11401.7900390625
1027,1522,11537.2900390625
1028,1525,11502.8603515625
1029,1526,11532.0400390625
1030,1527,11433.240234375
1031,1528,11297.0400390625
1032,1529,11162.75
1033,1532,11317.900390625
1034,1533,11242.2900390625
1035,1534,11436.8603515625
1036,1535,11484.2802734375
1037,1536,11418.509765625
1038,1539,11318.509765625
1039,1540,11281.08984375
1040,1541,11364.990234375
1041,1542,11530.91015625
1042,1543,11770.650390625
1043,1546,11718.240234375
1044,1547,11693.6796875
1045,1548,11715.3896484375
1046,1549,11683.419921875
1047,1550,11815.9501953125
1048,1553,11958.3203125
1049,1554,12079.7001953125
1050,1555,12019.6201171875
1051,1556,12092.58984375
1052,1557,11897.509765625
1053,1560,12042.7001953125
1054,1561,12127.8203125
1055,1562,12098.1796875
1056,1563,11800.400390625
1057,1564,11824.5595703125
1058,1567,11764.2099609375
1059,1568,11952.259765625
1060,1569,11944.2998046875
1061,1570,11980.099609375
1062,1571,12120.66015625
1063,1574,12163.8896484375
1064,1575,12044.8798828125
1065,1576,12004.2900390625
1066,1578,11761.7900390625
1067,1584,11571.33984375
1068,1585,11438.8203125
1069,1588,10884.7001953125
1070,1589,10907.1796875
1071,1590,11153.580078125
1072,1591,10825.099609375
1073,1592,10849.6298828125
1074,1595,10505.0498046875
1075,1596,10711.08984375
1076,1597,10967.740234375
1077,1598,10862.0400390625
1078,1599,11070.25
1079,1602,11101.6396484375
1080,1603,10962.9296875
1081,1604,11152.08984375
1082,1605,11166.0302734375
1083,1606,11309.5703125
1084,1609,11236.3701171875
1085,1610,11296.759765625
1086,1611,11242.33984375
1087,1612,11027.0498046875
1088,1613,11128.0498046875
1089,1616,11439.919921875
1090,1617,11521.9296875
1091,1618,11449.740234375
1092,1619,11575.9697265625
1093,1620,11526.8203125
1094,1623,11491.66015625
1095,1624,11387.7001953125
1096,1625,11641.7197265625
1097,1626,11607.900390625
1098,1627,11382.080078125
1099,1630,11600.16015625
1100,1631,11581.26953125
1101,1632,11580.5595703125
1102,1633,11744.150390625
1103,1634,11780.400390625
1104,1637,11884.0595703125
1105,1638,11860.8095703125
1106,1639,11858.8701171875
1107,1640,11896.009765625
1108,1641,11721.490234375
1109,1644,11541.7099609375
1110,1645,11475.26953125
1111,1646,11384.8603515625
1112,1647,11322.23046875
1113,1648,11423.5302734375
1114,1651,11582.2802734375
1115,1652,11608.6201171875
1116,1653,11356.650390625
1117,1654,11409.1396484375
1118,1655,11436.0
1119,1659,11258.3701171875
1120,1660,11433.8603515625
1121,1661,11285.0400390625
1122,1662,11187.330078125
1123,1665,11159.5498046875
1124,1666,11031.5400390625
1125,1667,11204.3701171875
1126,1668,11116.83984375
1127,1669,11325.7802734375
1128,1672,11222.240234375
1129,1673,11140.5703125
1130,1674,11010.01953125
1131,1675,11060.8896484375
1132,1676,10972.5703125
1133,1679,10908.7001953125
1134,1680,10953.5498046875
1135,1681,11049.4599609375
1136,1682,11028.0703125
1137,1683,10757.2001953125
1138,1686,10687.8095703125
1139,1687,10725.9697265625
1140,1688,10774.259765625
1141,1689,10903.5302734375
1142,1690,10889.1396484375
1143,1693,10960.9697265625
1144,1694,10985.330078125
1145,1695,11130.01953125
1146,1696,11129.330078125
1147,1697,11209.58984375
1148,1700,11184.5302734375
1149,1701,11081.7900390625
1150,1702,11127.349609375
1151,1703,11152.75
1152,1704,11022.490234375
1153,1707,11244.3701171875
1154,1708,11298.9404296875
1155,1709,11279.1904296875
1156,1710,11170.9599609375
1157,1711,11083.23046875
1158,1714,11253.1103515625
1159,1715,11295.580078125
1160,1716,11158.580078125
1161,1717,11139.3603515625
1162,1718,11082.490234375
1163,1722,11080.8701171875
1164,1723,11019.41015625
1165,1725,10895.16015625
1166,1728,10859.3203125
1167,1729,10815.5703125
1168,1730,10786.099609375
1169,1731,10823.5703125
1170,1732,10985.169921875
1171,1735,11279.6298828125
1172,1736,11281.830078125
1173,1737,11385.3798828125
1174,1738,11354.58984375
1175,1739,11349.349609375
1176,1743,11201.8095703125
1177,1744,11195.990234375
1178,1745,11034.2900390625
1179,1746,10982.9501953125
1180,1749,10965.6201171875
1181,1750,11064.8603515625
1182,1751,10882.1796875
1183,1752,10789.23046875
1184,1753,10857.1298828125
1185,1756,10659.150390625
1186,1757,10672.4599609375
1187,1758,10691.9501953125
1188,1759,10853.1201171875
1189,1760,10771.419921875
1190,1763,10734.7099609375
1191,1764,10887.8095703125
1192,1766,10946.26953125
1193,1767,11061.76953125
1194,1770,10983.830078125
1195,1771,10964.8701171875
1196,1772,10994.9599609375
1197,1773,10846.919921875
1198,1774,11019.98046875
1199,1777,11227.5703125
1200,1778,11161.75
1201,1779,11131.2900390625
1202,1780,11082.419921875
1203,1781,11082.83984375
1204,1784,10849.3896484375
1205,1786,10872.330078125
1206,1787,10900.33984375
1207,1788,10833.75
1208,1791,10977.8896484375
1209,1792,10899.25
1210,1793,10784.25
1211,1794,10973.0703125
1212,1795,11074.8896484375
1213,1798,10981.9599609375
1214,1799,10873.6298828125
1215,1800,10941.3701171875
1216,1801,10776.6298828125
1217,1802,10756.7998046875
1218,1805,10789.25
1219,1806,10915.580078125
1220,1807,10956.4599609375
1221,1808,10924.3701171875
1222,1809,11078.3203125
1223,1812,11103.419921875
1224,1813,11125.919921875
1225,1814,11209.4404296875
1226,1816,11365.48046875
1227,1819,11362.349609375
1228,1820,11424.1298828125
1229,1821,11381.5595703125
1230,1822,11488.759765625
1231,1827,11517.75
1232,1828,11437.51953125
1233,1829,11492.259765625
1234,1830,11433.240234375
1235,1834,11539.990234375
1236,1835,11453.3896484375
1237,1836,11358.2197265625
1238,1837,11438.3896484375
1239,1840,11487.099609375
1240,1841,11423.259765625
1241,1842,11405.33984375
1242,1843,11284.76953125
1243,1844,11238.3701171875
1244,1847,11289.490234375
1245,1848,11276.91015625
1246,1849,11376.5703125
1247,1850,11341.3095703125
1248,1851,11320.580078125
1249,1854,11387.58984375
1250,1855,11384.400390625
1251,1856,11407.1396484375
1252,1857,11389.349609375
1253,1858,11360.400390625
1254,1861,11499.8603515625
1255,1862,11490.4296875
1256,1863,11473.349609375
1257,1864,11553.5595703125
1258,1868,11632.2001953125
1259,1869,11646.490234375
1260,1870,11601.6796875
1261,1871,11582.7197265625
1262,1872,11660.1201171875
1263,1875,11651.01953125
1264,1876,11597.7099609375
1265,1877,11500.1796875
1266,1878,11531.150390625
1267,1879,11658.25
1268,1882,11740.599609375
1269,1883,11780.5302734375
1270,1884,11813.7099609375
1271,1885,11856.4599609375
1272,1886,11873.0498046875
1273,1889,11925.3603515625
1274,1890,11886.91015625
1275,1891,11966.6904296875
1276,1892,11864.91015625
1277,1893,11923.8896484375
1278,1896,11850.25
1279,1897,11821.08984375
1280,1898,11873.1796875
1281,1899,11775.5
1282,1900,11879.8095703125
1283,1904,11841.9697265625
1284,1905,11739.1201171875
1285,1906,11745.9697265625
1286,1907,11761.099609375
1287,1910,11792.2998046875
1288,1911,11599.8203125
1289,1912,11565.8798828125
1290,1913,11668.9501953125
1291,1914,11723.6298828125
1292,1917,11667.5400390625
1293,1918,11774.3095703125
1294,1919,11827.16015625
1295,1920,11810.990234375
1296,1921,11874.75
1297,1924,11745.6396484375
1298,1925,11670.2998046875
1299,1926,11637.51953125
1300,1927,11563.169921875
1301,1928,11370.6904296875
1302,1931,10938.4404296875
1303,1932,11065.8603515625
1304,1933,11088.580078125
1305,1934,10984.3896484375
1306,1935,11045.9501953125
1307,1938,11073.76953125
1308,1939,11035.830078125
1309,1940,11005.419921875
1310,1941,11008.900390625
1311,1945,11002.1103515625
1312,1949,11192.169921875
1313,1952,11171.3203125
1314,1953,11159.4599609375
1315,1954,11120.7001953125
1316,1955,11077.9404296875
1317,1956,11049.1103515625
1318,1959,10947.2197265625
1319,1960,10825.3896484375
1320,1961,10835.41015625
1321,1962,11077.16015625
1322,1963,11037.2900390625
1323,1966,11158.650390625
1324,1967,11133.650390625
1325,1968,11014.4296875
1326,1969,11027.9404296875
1327,1970,11192.330078125
1328,1973,11266.330078125
1329,1974,11276.58984375
1330,1975,11329.669921875
1331,1976,11280.0498046875
1332,1977,11300.0498046875
1333,1980,11270.6201171875
1334,1981,11217.4501953125
1335,1982,11281.0302734375
1336,1983,11160.8798828125
1337,1984,11304.23046875
1338,1987,11311.509765625
1339,1988,11335.919921875
1340,1989,11415.8798828125
1341,1990,11416.3798828125
1342,1991,11514.0302734375
1343,1994,11483.349609375
1344,1995,11488.740234375
1345,1996,11547.2802734375
1346,1997,11576.75
1347,1998,11537.0302734375
1348,2001,11414.2802734375
1349,2002,11513.830078125
1350,2003,11577.4404296875
1351,2004,11584.009765625
1352,2005,11630.1298828125
1353,2008,11651.5498046875
1354,2009,11616.7001953125
1355,2010,11603.5302734375
1356,2011,11590.1396484375
1357,2012,11565.990234375
1358,2015,11674.7900390625
1359,2016,11692.1396484375
1360,2017,11659.83984375
1361,2018,11764.259765625
1362,2019,11758.6796875
1363,2023,11764.83984375
1364,2024,11789.349609375
1365,2025,11786.73046875
1366,2026,11695.0498046875
1367,2029,11762.650390625
1368,2030,11737.9599609375
1369,2031,11835.080078125
1370,2032,11858.3095703125
1371,2033,11899.599609375
1372,2036,11946.919921875
1373,2037,11940.2001953125
1374,2038,11981.7998046875
1375,2039,11883.3095703125
1376,2040,11766.48046875
1377,2043,11778.98046875
1378,2044,11900.3203125
1379,2045,12098.080078125
1380,2046,12263.3203125
1381,2047,12261.6796875
1382,2050,12256.5498046875
1383,2051,12315.669921875
1384,2052,12273.1201171875
1385,2053,12307.3701171875
1386,2054,12291.73046875
1387,2057,12452.509765625
1388,2058,12472.9296875
1389,2059,12502.259765625
1390,2060,12405.16015625
1391,2061,12439.48046875
1392,2064,12309.830078125
1393,2065,12453.1396484375
1394,2066,12413.599609375
1395,2067,12506.9697265625
1396,2068,12600.0
1397,2071,12634.8798828125
1398,2072,12599.4296875
1399,2073,12607.58984375
1400,2074,12533.8896484375
1401,2075,12692.0400390625
1402,2078,12896.4296875
1403,2079,12901.9501953125
1404,2080,12834.25
1405,2081,12986.7802734375
1406,2082,12958.6796875
1407,2086,13148.5703125
1408,2087,13196.5703125
1409,2088,13159.3603515625
1410,2092,13392.6298828125
1411,2093,13310.0400390625
1412,2094,13435.91015625
1413,2095,13617.240234375
1414,2096,13574.2998046875
1415,2099,13525.2802734375
1416,2100,13738.83984375
1417,2101,13689.8896484375
1418,2102,13359.509765625
1419,2103,13227.740234375
1420,2107,13556.7099609375
1421,2108,13463.740234375
1422,2109,13449.240234375
1423,2110,13420.5400390625
1424,2113,13400.2900390625
1425,2114,13352.240234375
1426,2115,13129.490234375
1427,2116,13190.4599609375
1428,2117,13199.9501953125
1429,2120,13106.1796875
1430,2121,13280.6201171875
1431,2122,13395.01953125
1432,2123,13417.080078125
1433,2124,13346.5400390625
1434,2127,13606.5
1435,2128,13867.8603515625
1436,2129,13894.7802734375
1437,2131,14075.9599609375
1438,2134,14061.599609375
1439,2135,14036.73046875
1440,2136,14072.2001953125
1441,2137,14080.8798828125
1442,2138,14155.0595703125
1443,2141,14116.0400390625
1444,2142,14091.76953125
1445,2143,14170.8701171875
1446,2144,14411.7900390625
1447,2145,14623.1201171875
1448,2148,14680.4296875
1449,2149,14708.3203125
1450,2151,14742.580078125
1451,2152,14784.2900390625
1452,2155,14986.9404296875
1453,2156,14927.7001953125
1454,2157,14872.150390625
1455,2158,15130.5
1456,2159,15421.599609375
1457,2162,15551.3095703125
1458,2163,15423.3798828125
1459,2164,15484.66015625
1460,2165,15183.3603515625
1461,2166,15404.0498046875
1462,2169,15738.7001953125
1463,2170,15778.8603515625
1464,2171,15464.580078125
1465,2172,15254.4404296875
1466,2173,15173.0703125
1467,2176,15391.48046875
1468,2177,15641.259765625
1469,2178,15957.5703125
1470,2179,15941.3701171875
1471,2183,16107.669921875
1472,2184,15969.400390625
1473,2185,16194.6103515625
1474,2186,16344.2001953125
1475,2187,16111.4296875
1476,2192,16361.5400390625
1477,2193,16425.369140625
1478,2194,16428.2109375
1479,2198,16124.349609375
1480,2199,16363.58984375
1481,2200,16445.189453125
1482,2201,16454.94921875
1483,2204,16268.0302734375
1484,2205,15805.9501953125
1485,2206,15341.1796875
1486,2207,15696.2802734375
1487,2208,15696.6904296875
1488,2211,15360.650390625
1489,2212,15648.8896484375
1490,2213,15651.0
1491,2214,15891.01953125
1492,2215,16460.6796875
1493,2218,16551.23046875
1494,2219,16649.8203125
1495,2220,16480.08984375
1496,2221,16710.55078125
1497,2222,16659.640625
1498,2225,16747.759765625
1499,2226,16720.990234375
1500,2227,16272.6796875
1501,2228,16439.669921875
1502,2229,16257.830078125
1503,2232,15877.66015625
1504,2233,16184.8701171875
1505,2234,15932.830078125
1506,2235,16043.669921875
1507,2236,15713.4501953125
1508,2239,15437.9296875
1509,2240,15894.9404296875
1510,2241,15781.7802734375
1511,2242,16096.099609375
1512,2243,16101.91015625
1513,2246,16192.9501953125
1514,2247,16205.4296875
1515,2248,15964.4599609375
1516,2249,15909.759765625
1517,2250,15663.33984375
1518,2253,15901.16015625
1519,2254,15726.01953125
1520,2255,15627.490234375
1521,2256,16036.91015625
1522,2257,16115.6298828125
1523,2260,16361.509765625
1524,2261,16238.3603515625
1525,2262,16319.0400390625
1526,2263,16096.2099609375
1527,2264,16339.73046875
1528,2267,16624.80078125
1529,2269,16495.48046875
1530,2270,16489.369140625
1531,2271,16560.869140625
1532,2274,16650.099609375
1533,2275,16690.240234375
1534,2276,16938.41015625
1535,2277,17045.33984375
1536,2278,17059.66015625
1537,2281,17333.310546875
1538,2282,17292.91015625
1539,2283,17243.98046875
1540,2284,17489.330078125
1541,2285,17563.369140625
1542,2288,17456.580078125
1543,2289,17418.130859375
1544,2290,17162.55078125
1545,2291,17199.150390625
1546,2292,17233.8203125
1547,2295,17000.359375
1548,2296,17232.859375
1549,2297,17350.119140625
1550,2298,17317.529296875
1551,2299,17403.9609375
1552,2302,16914.400390625
1553,2303,16970.2890625
1554,2304,17055.9296875
1555,2305,17114.5390625
1556,2306,16906.23046875
1557,2309,16925.7109375
1558,2310,17153.76953125
1559,2316,17291.669921875
1560,2317,17190.91015625
1561,2318,16951.9296875
1562,2319,16862.140625
1563,2320,16601.779296875
1564,2323,16486.91015625
1565,2324,16158.419921875
1566,2325,16307.669921875
1567,2326,16087.1796875
1568,2327,16155.4501953125
1569,2330,15857.8701171875
1570,2331,15599.2001953125
1571,2332,15907.2001953125
1572,2333,15693.75
1573,2334,15970.759765625
1574,2337,15915.6796875
1575,2338,15859.4501953125
1576,2339,15467.330078125
1577,2340,15503.740234375
1578,2341,15789.3095703125
1579,2344,15668.3095703125
1580,2345,15384.8603515625
1581,2346,15096.009765625
1582,2347,14633.0302734375
1583,2348,14750.83984375
1584,2351,14833.009765625
1585,2352,14218.599609375
1586,2353,14309.5595703125
1587,2354,14470.759765625
1588,2355,14879.33984375
1589,2358,14860.349609375
1590,2359,14648.41015625
1591,2360,14644.259765625
1592,2361,15135.6904296875
1593,2362,15124.0400390625
1594,2365,15152.400390625
1595,2366,15171.8095703125
1596,2367,14886.1103515625
1597,2368,15121.150390625
1598,2369,15505.1796875
1599,2372,15571.6201171875
1600,2373,15638.5
1601,2374,15523.9404296875
1602,2375,15321.400390625
1603,2376,15307.6103515625
1604,2379,15552.8095703125
1605,2380,15473.8203125
1606,2381,15249.3203125
1607,2382,15097.9501953125
1608,2383,14845.240234375
1609,2387,14437.240234375
1610,2388,14500.259765625
1611,2389,14946.83984375
1612,2390,14821.259765625
1613,2393,14794.5
1614,2394,15005.240234375
1615,2395,14884.0703125
1616,2396,15179.7802734375
1617,2397,15342.8701171875
1618,2400,15456.8095703125
1619,2401,15440.91015625
1620,2402,15464.2900390625
1621,2403,15470.3701171875
1622,2404,15499.1796875
1623,2407,15154.0595703125
1624,2408,15464.66015625
1625,2409,15656.58984375
1626,2410,15630.91015625
1627,2411,15565.01953125
1628,2414,15857.1103515625
1629,2415,15816.1904296875
1630,2416,16071.3603515625
1631,2417,16020.83984375
1632,2418,16105.98046875
1633,2421,15969.0400390625
1634,2422,16181.169921875
1635,2423,16163.0302734375
1636,2424,15960.6201171875
1637,2425,15938.66015625
1638,2428,15762.58984375
1639,2429,15890.5595703125
1640,2430,15872.01953125
1641,2431,16140.759765625
1642,2432,16134.25
1643,2435,16358.0703125
1644,2436,16385.9609375
1645,2437,16284.08984375
1646,2438,16012.41015625
1647,2439,16080.4599609375
1648,2442,15794.3798828125
1649,2443,15719.33984375
1650,2444,15750.0498046875
1651,2445,15942.3896484375
1652,2446,15866.9296875
1653,2450,15874.2802734375
1654,2451,15718.669921875
1655,2452,15834.23046875
1656,2453,15634.669921875
1657,2456,15633.8095703125
1658,2457,15557.4501953125
1659,2458,15947.8701171875
1660,2459,16024.849609375
1661,2460,16127.580078125
1662,2463,16254.2900390625
1663,2464,16242.08984375
1664,2465,16082.5498046875
1665,2466,16449.330078125
1666,2467,16436.060546875
1667,2471,16477.25
1668,2472,16400.5703125
1669,2473,16368.8095703125
1670,2474,16536.5390625
1671,2477,16692.759765625
1672,2478,16611.58984375
1673,2479,16653.0
1674,2480,16551.359375
1675,2481,16651.630859375
1676,2484,16788.8203125
1677,2485,16780.470703125
1678,2486,16699.30078125
1679,2487,16811.599609375
1680,2488,16669.0703125
1681,2491,16351.849609375
1682,2492,16399.390625
1683,2493,16375.259765625
1684,2494,16350.01953125
1685,2498,16364.759765625
1686,2499,16393.41015625
1687,2500,16215.740234375
1688,2501,16198.5703125
1689,2502,16112.4296875
1690,2505,16022.490234375
1691,2506,16289.5498046875
1692,2507,16243.4697265625
1693,2508,16163.8701171875
1694,2509,16091.73046875
1695,2512,15725.9404296875
1696,2513,15734.1396484375
1697,2514,15914.23046875
1698,2516,15734.599609375
1699,2519,15885.3798828125
1700,2520,15855.259765625
1701,2521,16076.2001953125
1702,2522,16274.330078125
1703,2523,16321.7802734375
1704,2526,16303.58984375
1705,2527,16265.759765625
1706,2528,16371.2802734375
1707,2529,16473.359375
1708,2530,16417.8203125
1709,2533,16527.990234375
1710,2534,16637.779296875
1711,2535,16692.9296875
1712,2536,16829.19921875
1713,2537,16914.310546875
1714,2540,16962.109375
1715,2541,16776.880859375
1716,2542,17011.0390625
1717,2543,17047.830078125
1718,2544,17104.9609375
1719,2547,17092.890625
1720,2548,17169.189453125
1721,2549,17223.150390625
1722,2550,17224.810546875
1723,2551,17225.830078125
1724,2557,17353.669921875
1725,2558,17091.58984375
1726,2562,17237.76953125
1727,2563,16942.400390625
1728,2564,16838.169921875
1729,2565,17057.009765625
1730,2568,17209.919921875
1731,2569,17202.4609375
1732,2570,17261.349609375
1733,2571,17370.9296875
1734,2572,17310.439453125
1735,2575,17424.1796875
1736,2576,17408.5703125
1737,2577,17507.400390625
1738,2578,17458.30078125
1739,2579,17421.9296875
1740,2582,17470.4609375
1741,2583,17490.189453125
1742,2584,17383.419921875
1743,2585,17519.5
1744,2586,17547.109375
1745,2589,17344.80078125
1746,2590,17406.859375
1747,2591,17292.3203125
1748,2592,17292.48046875
1749,2593,17504.330078125
1750,2597,17621.44921875
1751,2598,17752.640625
1752,2599,17897.23046875
1753,2600,17875.650390625
1754,2603,17940.08984375
1755,2604,17939.119140625
1756,2605,17913.2109375
1757,2606,18108.7890625
1758,2607,18188.419921875
1759,2610,18215.349609375
1760,2611,18119.919921875
1761,2612,17604.119140625
1762,2613,17453.509765625
1763,2614,17217.9296875
1764,2617,16642.25
1765,2618,16844.5
1766,2619,16764.619140625
1767,2620,17090.310546875
1768,2621,17164.0390625
1769,2624,17292.390625
1770,2625,17178.83984375
1771,2626,16676.890625
1772,2627,16860.390625
1773,2628,16744.150390625
1774,2631,17009.55078125
1775,2632,17163.19921875
1776,2634,17419.19921875
1777,2635,17480.609375
1778,2638,17521.9609375
1779,2639,17365.05078125
1780,2640,17254.73046875
1781,2641,17263.939453125
1782,2642,17287.650390625
1783,2645,17028.41015625
1784,2646,17244.05078125
1785,2647,17544.08984375
1786,2648,17491.419921875
1787,2649,17484.779296875
1788,2652,17743.759765625
1789,2653,17664.689453125
1790,2654,17670.0703125
1791,2655,17540.419921875
1792,2656,17363.94921875
1793,2659,17628.30078125
1794,2660,17527.44921875
1795,2661,17667.330078125
1796,2662,17371.970703125
1797,2663,17452.619140625
1798,2666,17455.369140625
1799,2667,17451.76953125
1800,2668,17236.16015625
1801,2669,17429.169921875
1802,2670,17400.41015625
1803,2674,17274.98046875
1804,2675,17394.919921875
1805,2680,17669.830078125
1806,2681,17656.83984375
1807,2682,17748.119140625
1808,2683,17736.9609375
1809,2684,17553.720703125
1810,2687,17677.939453125
1811,2688,17512.98046875
1812,2689,17529.0
1813,2690,17498.599609375
1814,2691,17399.580078125
1815,2694,17556.869140625
1816,2695,17680.05078125
1817,2696,17705.119140625
1818,2697,17696.970703125
1819,2698,17481.2109375
1820,2701,17587.58984375
1821,2702,17672.560546875
1822,2703,17588.259765625
1823,2704,17875.75
1824,2705,17958.880859375
1825,2708,17973.419921875
1826,2709,18053.810546875
1827,2710,18040.9296875
1828,2711,18053.380859375
1829,2712,17779.08984375
1830,2715,17834.48046875
1831,2716,17760.91015625
1832,2717,17732.76953125
1833,2718,17842.2890625
1834,2719,17971.490234375
1835,2722,18149.51953125
1836,2723,18163.609375
1837,2724,18211.6796875
1838,2725,18240.30078125
1839,2726,18188.630859375
1840,2729,18087.48046875
1841,2730,18066.109375
1842,2731,17849.279296875
1843,2732,17932.26953125
1844,2733,18138.359375
1845,2736,18146.30078125
1846,2737,18149.900390625
1847,2738,18168.720703125
1848,2739,18221.48046875
1849,2740,18140.939453125
1850,2743,18261.98046875
1851,2744,18252.669921875
1852,2745,18049.509765625
1853,2746,17984.140625
1854,2747,18238.94921875
1855,2751,18217.26953125
1856,2752,18015.580078125
1857,2753,18116.5703125
1858,2754,18157.9296875
1859,2757,17963.640625
1860,2758,18002.029296875
1861,2759,17858.419921875
1862,2760,17702.08984375
1863,2761,17283.810546875
1864,2764,17289.30078125
1865,2765,17248.890625
1866,2766,16870.98046875
1867,2767,16984.109375
1868,2768,16979.859375
1869,2771,16914.4609375
1870,2772,16921.76953125
1871,2773,17029.279296875
1872,2774,17170.599609375
1873,2775,16764.08984375
1874,2778,16800.05078125
1875,2779,16844.609375
1876,2780,16475.609375
1877,2781,16148.490234375
1878,2782,15273.6796875
1879,2785,15732.48046875
1880,2786,15901.33984375
1881,2787,15900.6396484375
1882,2788,16316.3203125
1883,2789,16248.9697265625
1884,2792,16301.3896484375
1885,2793,16287.490234375
1886,2794,16012.830078125
1887,2795,16153.8203125
1888,2796,16569.08984375
1889,2799,16524.9296875
1890,2800,16420.470703125
1891,2801,16158.4501953125
1892,2802,16257.0
1893,2803,16122.16015625
1894,2806,15764.9697265625
1895,2807,15877.669921875
1896,2808,15797.599609375
1897,2809,15821.1904296875
1898,2810,16127.419921875
1899,2814,15801.7998046875
1900,2815,16381.5400390625
1901,2816,16413.7890625
1902,2817,16312.6103515625
1903,2821,16401.73046875
1904,2822,16435.740234375
1905,2823,16832.220703125
1906,2824,16785.689453125
1907,2827,16845.9609375
1908,2828,17046.779296875
1909,2829,17199.890625
1910,2830,17092.490234375
1911,2831,17065.0390625
1912,2835,17159.900390625
1913,2836,17177.890625
1914,2837,17458.98046875
1915,2838,17331.169921875
1916,2841,17358.150390625
1917,2842,17137.919921875
1918,2843,16955.310546875
1919,2844,17106.08984375
1920,2845,16814.369140625
1921,2848,16438.470703125
1922,2849,16450.580078125
1923,2850,16358.3896484375
1924,2851,16284.169921875
1925,2852,16505.630859375
1926,2855,16698.080078125
1927,2856,16651.009765625
1928,2857,16737.630859375
1929,2858,16870.400390625
1930,2859,16517.48046875
1931,2862,16268.919921875
1932,2863,16249.6298828125
1933,2864,16096.6796875
1934,2865,15771.5703125
1935,2866,15583.419921875
1936,2869,15197.08984375
1937,2870,15126.6298828125
1938,2871,15499.5595703125
1939,2872,15396.2998046875
1940,2873,15154.6103515625
1941,2876,15042.5595703125
1942,2877,15211.51953125
1943,2878,14837.66015625
1944,2879,14888.76953125
1945,2883,15135.2099609375
1946,2884,15222.849609375
1947,2885,15153.7802734375
1948,2886,15513.740234375
1949,2887,15680.669921875
1950,2890,15628.9697265625
1951,2891,15480.1904296875
1952,2892,15608.8798828125
1953,2893,15874.080078125
1954,2894,15956.3701171875
1955,2897,15924.3896484375
1956,2898,16044.7197265625
1957,2899,15932.259765625
1958,2900,15536.51953125
1959,2901,15514.509765625
1960,2904,15249.7900390625
1961,2905,15207.8603515625
1962,2906,15030.509765625
1963,2907,15031.599609375
1964,2908,15257.0
1965,2912,15552.58984375
1966,2913,15653.5400390625
1967,2914,15564.6904296875
1968,2915,15307.7802734375
1969,2922,14691.41015625
1970,2925,14500.5498046875
1971,2926,14528.669921875
1972,2927,14599.16015625
1973,2928,14388.1103515625
1974,2929,14110.7900390625
1975,2933,13972.6298828125
1976,2934,13504.509765625
1977,2935,13783.4501953125
1978,2936,13861.2900390625
1979,2939,13325.9404296875
1980,2940,12573.0498046875
1981,2941,12829.0595703125
1982,2942,13092.7802734375
1983,2943,13629.16015625
1984,2946,13087.91015625
1985,2947,13478.8603515625
1986,2948,13345.0302734375
1987,2949,13592.4697265625
1988,2950,13497.16015625
1989,2953,13859.7001953125
1990,2954,13745.5
1991,2955,13099.240234375
1992,2956,13207.150390625
1993,2957,13017.240234375
1994,2961,13021.9599609375
1995,2962,13068.2998046875
1996,2963,13626.4501953125
1997,2964,13622.5595703125
1998,2967,13635.400390625
1999,2968,13757.91015625
2000,2969,13310.3701171875
2001,2970,13688.2802734375
2002,2971,13500.4599609375
2003,2974,13914.5703125
2004,2975,13824.7197265625
2005,2976,14031.2998046875
2006,2977,13925.509765625
2007,2978,13603.01953125
2008,2981,12992.1796875
2009,2982,12992.2802734375
2010,2983,12972.0595703125
2011,2984,13215.419921875
2012,2985,12782.7998046875
2013,2988,12532.1298828125
2014,2989,12658.2802734375
2015,2990,12861.1298828125
2016,2991,12433.4404296875
2017,2992,12241.599609375
2018,2995,11787.509765625
2019,2996,11964.16015625
2020,2997,12260.4404296875
2021,2999,12482.5703125
2022,3002,12480.08984375
2023,3003,12745.2197265625
2024,3004,12706.6298828125
2025,3005,12604.580078125
2026,3006,12820.4697265625
2027,3009,12525.5400390625
2028,3010,12656.419921875
2029,3011,13189.3603515625
2030,3012,13389.900390625
2031,3013,13293.2197265625
2032,3016,13450.23046875
2033,3017,13250.4296875
2034,3018,13111.8896484375
2035,3019,12945.2998046875
2036,3020,13323.73046875
2037,3023,12917.509765625
2038,3024,12990.580078125
2039,3025,13146.1298828125
2040,3026,13398.2998046875
2041,3027,13476.4501953125
2042,3030,13696.5498046875
2043,3031,13547.8203125
2044,3032,13579.16015625
2045,3033,13540.8701171875
2046,3034,13863.4697265625
2047,3037,13894.3701171875
2048,3039,13849.990234375
2049,3040,13766.8603515625
2050,3041,14049.259765625
2051,3046,14102.48046875
2052,3047,13943.259765625
2053,3048,13655.33984375
2054,3051,13743.3603515625
2055,3052,13953.73046875
2056,3053,14118.5498046875
2057,3054,14251.740234375
2058,3055,14219.48046875
2059,3058,14269.6103515625
2060,3059,14160.08984375
2061,3060,13926.2998046875
2062,3061,13978.4599609375
2063,3062,14012.2001953125
2064,3065,13690.1904296875
2065,3066,13893.3095703125
2066,3067,13709.4404296875
2067,3068,14124.4697265625
2068,3069,14338.5400390625
2069,3072,14440.1396484375
2070,3073,14209.169921875
2071,3074,14435.5703125
2072,3075,14341.1201171875
2073,3076,14489.4404296875
2074,3079,14181.3798828125
2075,3080,14021.169921875
2076,3081,14183.48046875
2077,3082,13888.599609375
2078,3083,13973.73046875
2079,3086,14354.3701171875
2080,3087,14348.3701171875
2081,3088,14452.8203125
2082,3089,14130.169921875
2083,3090,13942.080078125
2084,3093,13857.4697265625
2085,3094,13849.5595703125
2086,3095,13829.919921875
2087,3096,13822.3203125
2088,3097,13544.3603515625
2089,3100,13481.3798828125
2090,3101,13463.2001953125
2091,3102,13286.3701171875
2092,3103,13265.400390625
2093,3104,13237.8896484375
2094,3107,13360.0400390625
2095,3108,13033.099609375
2096,3109,13052.1298828125
2097,3110,13067.2099609375
2098,3111,13039.6904296875
2099,3114,13010.16015625
2100,3115,12754.5595703125
2101,3116,12760.7998046875
2102,3117,12887.9501953125
2103,3118,12803.7001953125
2104,3122,13184.9599609375
2105,3123,13312.9296875
2106,3124,13603.3095703125
2107,3125,13334.759765625
2108,3128,13353.7802734375
2109,3129,13159.4501953125
2110,3130,13367.7900390625
2111,3131,13376.8095703125
2112,3132,13094.58984375
2113,3135,12933.1796875
2114,3136,12914.66015625
2115,3137,13254.8896484375
2116,3138,13124.990234375
2117,3139,13168.41015625
2118,3142,13430.91015625
2119,3143,13303.599609375
2120,3144,13023.0498046875
2121,3145,12956.7998046875
2122,3146,13019.41015625
2123,3149,13165.4501953125
2124,3150,12865.0498046875
2125,3151,12851.6904296875
2126,3152,12752.2099609375
2127,3153,12666.0400390625
2128,3156,12878.66015625
2129,3157,12778.7099609375
2130,3158,12752.9599609375
2131,3159,12768.25
2132,3160,13072.8701171875
2133,3163,12834.1796875
2134,3164,12609.4697265625
2135,3165,12689.58984375
2136,3166,12557.66015625
2137,3167,12212.23046875
2138,3170,12624.4599609375
2139,3171,12400.650390625
2140,3172,12346.6298828125
2141,3173,12102.5
2142,3174,12214.759765625
2143,3178,11609.7197265625
2144,3179,11749.7900390625
2145,3180,11489.2998046875
2146,3181,11920.8603515625
2147,3184,12090.58984375
2148,3186,12115.0302734375
2149,3187,12006.5302734375
2150,3188,11893.16015625
2151,3191,11743.6103515625
2152,3192,11259.8603515625
2153,3193,11368.259765625
2154,3194,11154.759765625
2155,3195,10938.1396484375
2156,3198,10473.08984375
2157,3199,10155.900390625
2158,3200,9203.3203125
2159,3201,9157.490234375
2160,3202,8276.4296875
2161,3206,9447.5703125
2162,3207,9547.4697265625
2163,3208,8458.4501953125
2164,3209,8693.8203125
2165,3212,9005.58984375
2166,3213,9306.25
2167,3214,8674.6904296875
2168,3215,8460.98046875
2169,3216,7649.080078125
2170,3219,7162.89990234375
2171,3220,7621.919921875
2172,3221,8211.900390625
2173,3222,9029.759765625
2174,3223,8576.98046875
2175,3227,9114.599609375
2176,3228,9521.240234375
2177,3229,8899.1396484375
2178,3230,8583.0
2179,3233,9081.4296875
2180,3234,8809.2998046875
2181,3235,8695.509765625
2182,3236,8238.6396484375
2183,3237,8462.3896484375
2184,3240,8522.580078125
2185,3241,8328.41015625
2186,3242,8273.2197265625
2187,3243,7703.0400390625
2188,3244,7910.7900390625
2189,3248,8323.9296875
2190,3249,8213.2197265625
2191,3250,8373.3896484375
2192,3251,8512.26953125
2193,3254,8397.2197265625
2194,3255,7863.68994140625
2195,3256,8004.10009765625
2196,3257,7924.240234375
2197,3258,7917.509765625
2198,3261,8329.0498046875
2199,3262,8395.8701171875
2200,3263,8660.240234375
2201,3264,8720.5498046875
2202,3265,8235.8701171875
2203,3268,8664.66015625
2204,3269,8568.01953125
2205,3270,8612.51953125
2206,3271,8667.23046875
2207,3272,8588.51953125
2208,3275,8723.7802734375
2209,3277,8517.099609375
2210,3278,8599.5
2211,3279,8739.51953125
2212,3282,8747.169921875
2213,3283,8859.5595703125
2214,3289,9043.1201171875
2215,3290,9080.83984375
2216,3291,9239.240234375
2217,3292,8876.419921875
2218,3293,8836.7998046875
2219,3297,8413.91015625
2220,3298,8438.4501953125
2221,3299,8023.31005859375
2222,3300,8230.150390625
2223,3303,8256.849609375
2224,3304,8065.7900390625
2225,3305,7901.64013671875
2226,3306,8051.740234375
2227,3307,7745.25
2228,3310,7682.14013671875
2229,3311,8061.06982421875
2230,3312,8106.2900390625
2231,3313,8251.240234375
2232,3314,7994.0498046875
2233,3317,7873.97998046875
2234,3318,7825.509765625
2235,3319,8038.93994140625
2236,3320,7949.64990234375
2237,3321,8076.6201171875
2238,3324,7969.02978515625
2239,3325,7945.93994140625
2240,3327,7705.35986328125
2241,3328,7779.39990234375
2242,3331,7750.169921875
2243,3332,7645.509765625
2244,3333,7534.43994140625
2245,3334,7557.64990234375
2246,3335,7416.3798828125
2247,3338,7376.16015625
2248,3339,7268.56005859375
2249,3340,7461.22021484375
2250,3341,7457.93017578125
2251,3342,7568.419921875
2252,3345,7280.14990234375
2253,3346,7229.72021484375
2254,3347,7290.9599609375
2255,3348,7433.490234375
2256,3349,7173.10009765625
2257,3352,7086.02978515625
2258,3353,7054.97998046875
2259,3354,7376.1201171875
2260,3355,7198.25
2261,3356,7569.27978515625
2262,3359,7704.14990234375
2263,3360,7949.1298828125
2264,3361,7972.169921875
2265,3362,7945.9599609375
2266,3366,8215.5302734375
2267,3367,8488.2998046875
2268,3368,8479.990234375
2269,3369,8636.330078125
2270,3370,8626.9697265625
2271,3373,8236.080078125
2272,3374,8109.52978515625
2273,3375,8351.91015625
2274,3376,8719.7802734375
2275,3377,8749.83984375
2276,3380,8857.9296875
2277,3381,8832.849609375
2278,3382,8595.009765625
2279,3383,8916.0595703125
2280,3384,8964.1103515625
2281,3387,8924.4296875
2282,3388,8842.6796875
2283,3389,8742.9599609375
2284,3390,8755.259765625
2285,3391,8907.580078125
2286,3394,8924.75
2287,3395,8711.330078125
2288,3396,8727.2998046875
2289,3397,8847.009765625
2290,3398,8707.990234375
2291,3401,8726.33984375
2292,3402,8493.76953125
2293,3404,8828.259765625
2294,3405,8977.3701171875
2295,3411,9385.7001953125
2296,3412,9432.830078125
2297,3415,9451.98046875
2298,3416,9298.6103515625
2299,3417,9340.490234375
2300,3418,9093.73046875
2301,3419,9265.01953125
2302,3422,9038.6904296875
2303,3423,9290.2900390625
2304,3424,9344.6396484375
2305,3425,9264.150390625
2306,3426,9225.8095703125
2307,3429,9347.0
2308,3430,9310.8095703125
2309,3431,9438.76953125
2310,3432,9451.3896484375
2311,3433,9522.5
2312,3436,9677.75
2313,3437,9704.3095703125
2314,3438,9741.669921875
2315,3439,9668.9599609375
2316,3440,9768.009765625
2317,3443,9865.6298828125
2318,3444,9786.8203125
2319,3445,9991.490234375
2320,3446,9981.330078125
2321,3447,10135.8203125
2322,3450,10039.669921875
2323,3451,9752.8798828125
2324,3452,9840.849609375
2325,3453,9703.7197265625
2326,3454,9786.259765625
2327,3457,9826.26953125
2328,3458,9549.6103515625
2329,3459,9590.3203125
2330,3460,9796.080078125
2331,3461,9877.3896484375
2332,3464,9783.4697265625
2333,3465,9958.4404296875
2334,3466,9939.9296875
2335,3467,9876.150390625
2336,3468,9816.0703125
2337,3471,9680.8701171875
2338,3472,9647.7900390625
2339,3473,9420.75
2340,3474,9291.0595703125
2341,3475,9287.2802734375
2342,3478,9050.330078125
2343,3479,9261.8095703125
2344,3480,9269.25
2345,3481,9344.16015625
2346,3482,9395.3203125
2347,3486,9652.01953125
2348,3487,9723.16015625
2349,3488,9792.9404296875
2350,3489,9944.5498046875
2351,3492,10088.66015625
2352,3493,10087.259765625
2353,3494,10113.240234375
2354,3495,10165.2099609375
2355,3496,10356.830078125
2356,3499,10352.4697265625
2357,3500,10375.009765625
2358,3501,10252.5302734375
2359,3502,10388.08984375
2360,3503,10412.08984375
2361,3506,10524.259765625
2362,3507,10585.4599609375
2363,3508,10435.0
2364,3509,10517.1904296875
2365,3510,10597.330078125
2366,3513,10268.6103515625
2367,3514,10284.9599609375
2368,3515,10204.0
2369,3516,10383.41015625
2370,3517,10238.2001953125
2371,3520,10581.0498046875
2372,3521,10497.3603515625
2373,3522,10639.7099609375
2374,3523,10473.9697265625
2375,3524,10534.1396484375
2376,3527,10492.5302734375
2377,3529,10280.4599609375
2378,3530,10214.6396484375
2379,3531,10187.1103515625
2380,3534,10320.9404296875
2381,3535,10393.23046875
2382,3536,10312.1396484375
2383,3537,10513.669921875
2384,3538,10444.330078125
2385,3541,10202.0595703125
2386,3542,10217.6201171875
2387,3543,10270.76953125
2388,3544,10443.7998046875
2389,3545,10370.5400390625
2390,3551,10544.2197265625
2391,3552,10265.98046875
2392,3555,10009.51953125
2393,3556,10100.2001953125
2394,3557,10133.23046875
2395,3558,9978.6396484375
2396,3559,9731.8701171875
2397,3562,9674.490234375
2398,3563,9691.7998046875
2399,3564,9799.599609375
2400,3565,9832.4697265625
2401,3566,10016.3896484375
2402,3570,10076.5595703125
2403,3571,10060.2099609375
2404,3572,10238.650390625
2405,3573,10257.5595703125
2406,3576,10236.509765625
2407,3577,10336.83984375
2408,3578,10333.3896484375
2409,3579,10267.169921875
2410,3580,10282.990234375
2411,3583,10362.6201171875
2412,3584,10212.4599609375
2413,3585,10075.0498046875
2414,3586,9891.099609375
2415,3587,10034.740234375
2416,3590,9802.9501953125
2417,3592,9844.3095703125
2418,3593,9717.4404296875
2419,3594,9789.349609375
2420,3597,9808.990234375
2421,3598,9870.73046875
2422,3599,9871.6796875
2423,3600,9804.490234375
2424,3601,9770.3095703125
2425,3604,9791.1796875
2426,3605,9729.9296875
2427,3606,9676.7998046875
2428,3607,9549.4697265625
2429,3608,9497.6796875
2430,3612,9401.580078125
2431,3613,9441.6396484375
2432,3614,9383.240234375
2433,3615,9081.51953125
2434,3618,9345.5498046875
2435,3619,9572.2001953125
2436,3620,9608.9404296875
2437,3621,9977.669921875
2438,3622,10022.58984375
2439,3625,10167.599609375
2440,3626,10140.4697265625
2441,3627,10004.7197265625
2442,3628,9862.8203125
2443,3629,10107.8701171875
2444,3632,10105.6796875
2445,3633,10083.48046875
2446,3634,10177.41015625
2447,3635,10163.7998046875
2448,3636,10142.0498046875
2449,3639,10183.4697265625
2450,3640,10378.0302734375
2451,3642,10536.919921875
2452,3643,10494.7099609375
2453,3646,10634.23046875
2454,3647,10638.0595703125
2455,3648,10546.4404296875
2456,3653,10654.7900390625
2457,3654,10681.830078125
2458,3655,10731.4501953125
2459,3656,10681.66015625
2460,3657,10798.3203125
2461,3661,10879.1396484375
2462,3662,10735.0302734375
2463,3663,10907.6796875
2464,3664,10982.099609375
2465,3667,10855.080078125
2466,3668,10764.900390625
2467,3669,10737.51953125
2468,3670,10868.41015625
2469,3671,10590.5498046875
2470,3674,10512.6904296875
2471,3675,10325.2802734375
2472,3676,10252.080078125
2473,3677,10414.2900390625
2474,3678,10198.0400390625
2475,3681,10205.01953125
2476,3682,10371.08984375
2477,3683,10404.330078125
2478,3684,10355.98046875
2479,3685,10057.08984375
2480,3688,9951.8203125
2481,3689,9932.900390625
2482,3690,9963.990234375
2483,3692,10092.1904296875
2484,3695,10013.2998046875
2485,3696,10034.25
2486,3697,10306.830078125
2487,3698,10335.6904296875
2488,3699,10123.580078125
2489,3702,10400.4697265625
2490,3703,10352.099609375
2491,3704,10198.830078125
2492,3705,10101.9599609375
2493,3706,10126.0302734375
2494,3709,10172.0595703125
2495,3710,10221.83984375
2496,3711,10253.1396484375
2497,3712,10145.7197265625
2498,3713,10368.9599609375
2499,3716,10585.919921875
2500,3717,10567.650390625
2501,3718,10563.919921875
2502,3719,10664.9501953125
2503,3720,10751.259765625
2504,3723,10751.98046875
2505,3724,10721.7099609375
2506,3725,10846.98046875
2507,3726,10744.0302734375
2508,3727,10824.7197265625
2509,3731,10774.150390625
2510,3732,10815.0302734375
2511,3733,10828.849609375
2512,3734,10996.3701171875
2513,3737,10986.4697265625
2514,3738,11097.1396484375
2515,3739,11089.9404296875
2516,3740,11244.400390625
2517,3741,11286.08984375
2518,3744,11339.2998046875
2519,3745,11282.3203125
2520,3746,11292.830078125
2521,3747,11168.2001953125
2522,3748,11204.33984375
2523,3751,11251.900390625
2524,3752,11161.23046875
2525,3753,11204.900390625
2526,3754,11273.7900390625
2527,3755,11102.1796875
2528,3758,10908.76953125
2529,3759,10900.6796875
2530,3760,11090.0498046875
2531,3761,10949.08984375
2532,3762,10914.4599609375
2533,3765,11165.7900390625
2534,3766,11212.66015625
2535,3767,10924.7900390625
2536,3769,11057.400390625
2537,3775,10695.6904296875
2538,3776,10364.58984375
2539,3779,10530.7001953125
2540,3780,10411.099609375
2541,3781,10394.0302734375
2542,3782,10620.5498046875
2543,3783,10462.509765625
2544,3786,10235.759765625
2545,3787,10242.6396484375
2546,3788,10186.83984375
2547,3789,10030.3095703125
2548,3790,9784.5400390625
2549,3793,9758.400390625
2550,3794,9459.8896484375
2551,3795,9522.66015625
2552,3796,9639.7197265625
2553,3797,9762.98046875
2554,3800,9768.7001953125
2555,3801,9711.830078125
2556,3802,9603.240234375
2557,3803,9914.1904296875
2558,3804,9901.1904296875
2559,3807,9520.7998046875
2560,3808,9537.9404296875
2561,3809,9439.1298828125
2562,3810,9542.650390625
2563,3811,9705.25
2564,3814,9879.849609375
2565,3815,9887.8896484375
2566,3816,10067.150390625
2567,3817,9999.400390625
2568,3818,9995.01953125
2569,3821,10238.009765625
2570,3822,10112.8896484375
2571,3823,9923.7001953125
2572,3824,9928.33984375
2573,3825,9737.48046875
2574,3828,9693.9404296875
2575,3829,9570.669921875
2576,3830,9382.6396484375
2577,3831,9191.599609375
2578,3832,9203.7099609375
2579,3835,9266.7802734375
2580,3836,9338.0400390625
2581,3837,9279.650390625
2582,3838,9535.740234375
2583,3839,9585.3203125
2584,3842,9548.1103515625
2585,3843,9537.23046875
2586,3844,9795.240234375
2587,3845,9685.5302734375
2588,3846,9408.3603515625
2589,3851,9278.830078125
2590,3852,9220.8798828125
2591,3853,9430.9599609375
2592,3856,9503.66015625
2593,3857,9496.849609375
2594,3858,9753.26953125
2595,3859,9696.01953125
2596,3860,9537.2998046875
2597,3863,9570.3095703125
2598,3864,9694.009765625
2599,3865,9489.33984375
2600,3866,9653.919921875
2601,3867,9642.1201171875
2602,3870,9572.490234375
2603,3871,9551.0498046875
2604,3872,9292.849609375
2605,3873,9212.58984375
2606,3874,9253.4599609375
2607,3877,9196.669921875
2608,3878,9161.6796875
2609,3879,9240.5400390625
2610,3880,9362.6796875
2611,3881,9179.3798828125
2612,3884,9116.6904296875
2613,3885,8995.1396484375
2614,3886,8845.3896484375
2615,3887,8906.48046875
2616,3888,8991.0595703125
2617,3891,9149.259765625
2618,3892,8824.0595703125
2619,3893,8927.01953125
2620,3894,9062.83984375
2621,3895,9114.1298828125
2622,3898,9301.3203125
2623,3899,9226.0
2624,3900,9024.599609375
2625,3901,9098.3896484375
2626,3902,9239.169921875
2627,3905,9321.8203125
2628,3906,9299.3095703125
2629,3908,9509.5
2630,3909,9626.08984375
2631,3913,9602.1103515625
2632,3914,9566.3203125
2633,3916,9471.669921875
2634,3919,9603.1396484375
2635,3920,9495.759765625
2636,3921,9559.3798828125
2637,3922,9369.349609375
2638,3923,9404.23046875
2639,3926,9381.0595703125
2640,3927,9518.759765625
2641,3928,9691.4296875
2642,3929,9684.8095703125
2643,3930,9588.8798828125
2644,3934,9388.6396484375
2645,3935,9403.509765625
2646,3936,9583.509765625
2647,3937,9500.25
2648,3940,9498.490234375
2649,3941,9539.4501953125
2650,3942,9381.599609375
2651,3943,9376.48046875
2652,3944,9426.7099609375
2653,3947,9401.16015625
2654,3948,9377.3798828125
2655,3949,9387.0302734375
2656,3950,9366.0302734375
2657,3951,9202.4501953125
2658,3954,9154.7197265625
2659,3955,9159.98046875
2660,3957,9358.7802734375
2661,3958,9625.990234375
2662,3961,9732.919921875
2663,3962,9694.490234375
2664,3963,9830.51953125
2665,3964,9861.4599609375
2666,3965,9724.8095703125
2667,3968,9827.509765625
2668,3969,9797.099609375
2669,3970,9811.66015625
2670,3971,10013.6298828125
2671,3972,10022.3896484375
2672,3975,10115.1904296875
2673,3977,10030.1103515625
2674,3978,10079.759765625
2675,3979,10039.5595703125
2676,3982,10125.990234375
2677,3983,9937.0400390625
2678,3984,9988.0498046875
2679,3985,10168.51953125
2680,3986,10178.3203125
2681,3989,10167.23046875
2682,3990,10141.099609375
2683,3991,10232.330078125
2684,3992,10285.8798828125
2685,3993,10211.9501953125
2686,3996,10293.8896484375
2687,3997,10316.76953125
2688,3998,10309.7802734375
2689,3999,10311.2900390625
2690,4000,10303.830078125
2691,4003,10216.41015625
2692,4004,10370.5302734375
2693,4005,10346.48046875
2694,4007,10279.1904296875
2695,4010,10355.990234375
2696,4011,10292.6298828125
2697,4012,10344.5400390625
2698,4013,10228.919921875
2699,4018,10398.099609375
2700,4019,10380.76953125
2701,4020,10529.759765625
2702,4021,10541.0400390625
2703,4025,10510.6796875
2704,4026,10512.7998046875
2705,4027,10589.759765625
2706,4028,10499.0400390625
2707,4031,10502.8603515625
2708,4032,10518.98046875
2709,4033,10557.099609375
2710,4034,10437.3095703125
2711,4035,10274.51953125
2712,4038,10345.1103515625
2713,4039,10464.419921875
2714,4040,10401.900390625
2715,4041,10478.66015625
2716,4042,10360.33984375
2717,4045,10237.919921875
2718,4046,10274.5
2719,4047,10457.3603515625
2720,4048,10431.3603515625
2721,4049,10543.51953125
2722,4052,10592.0400390625
2723,4053,10635.98046875
2724,4054,10617.830078125
2725,4055,10605.650390625
2726,4059,10725.5400390625
2727,4060,10746.669921875
2728,4061,10808.2900390625
2729,4062,10836.6396484375
2730,4063,10842.7998046875
2731,4066,10857.5302734375
2732,4067,10664.7001953125
2733,4068,10579.099609375
2734,4069,10452.7099609375
2735,4070,10526.759765625
2736,4073,10624.08984375
2737,4074,10754.0302734375
2738,4075,10492.3798828125
2739,4076,10586.01953125
2740,4077,10693.66015625
2741,4080,10505.01953125
2742,4081,10525.1904296875
2743,4082,10589.5
2744,4083,10434.3798828125
2745,4084,10254.4296875
2746,4087,9620.490234375
2747,4088,8605.150390625
2748,4089,9093.7197265625
2749,4090,8962.669921875
2750,4091,9206.75
2751,4095,9608.3203125
2752,4096,9449.4697265625
2753,4097,9435.009765625
2754,4098,9536.1298828125
2755,4101,9478.5302734375
2756,4102,9459.080078125
2757,4103,9708.7900390625
2758,4104,9755.099609375
2759,4105,9708.3896484375
2760,4108,9718.8896484375
2761,4109,9615.5498046875
2762,4110,9584.3701171875
2763,4111,9590.9296875
2764,4112,9768.080078125
2765,4115,9719.7001953125
2766,4116,9555.259765625
2767,4117,9641.1796875
2768,4118,9653.919921875
2769,4119,9591.51953125
2770,4122,9556.650390625
2771,4123,9441.0302734375
2772,4124,9606.8203125
2773,4125,9685.76953125
2774,4126,9682.2099609375
2775,4129,9671.9599609375
2776,4130,9558.6904296875
2777,4131,9691.83984375
2778,4132,9849.740234375
2779,4136,10004.2001953125
2780,4140,9859.2001953125
2781,4143,9794.3798828125
2782,4144,9818.759765625
2783,4145,9864.259765625
2784,4146,9716.650390625
2785,4147,9648.76953125
2786,4150,9558.2998046875
2787,4151,9567.01953125
2788,4152,9662.080078125
2789,4153,9620.8203125
2790,4154,9607.080078125
2791,4157,9460.6298828125
2792,4158,9477.169921875
2793,4159,9422.8798828125
2794,4160,9562.0498046875
2795,4161,9521.9404296875
2796,4164,9504.9697265625
2797,4165,9693.73046875
2798,4166,9719.6103515625
2799,4167,9555.0400390625
2800,4168,9492.2099609375
2801,4171,9380.349609375
2802,4172,9442.9501953125
2803,4173,9449.4599609375
2804,4174,9467.150390625
2805,4175,9514.4404296875
2806,4178,9448.2099609375
2807,4179,9547.7900390625
2808,4180,9574.3203125
2809,4181,9411.2802734375
2810,4182,9351.400390625
2811,4185,9354.3203125
2812,4186,9459.66015625
2813,4187,9629.4296875
2814,4188,9596.740234375
2815,4189,9678.7099609375
2816,4192,9578.3095703125
2817,4193,9648.98046875
2818,4194,9797.259765625
2819,4195,9816.08984375
2820,4196,9868.0703125
2821,4199,9965.08984375
2822,4200,9972.4599609375
2823,4201,10082.48046875
2824,4202,10071.1396484375
2825,4203,10137.73046875
2826,4206,10069.5302734375
2827,4207,9925.919921875
2828,4208,9963.1396484375
2829,4209,9936.1201171875
2830,4210,9974.4697265625
2831,4214,9889.7197265625
2832,4215,10005.900390625
2833,4216,10010.3896484375
2834,4217,10132.1103515625
2835,4220,10050.009765625
2836,4221,10097.7197265625
2837,4222,10047.1904296875
2838,4223,9901.349609375
2839,4224,9833.0302734375
2840,4227,9965.009765625
2841,4228,9844.58984375
2842,4229,9637.1396484375
2843,4230,9659.1796875
2844,4231,9299.8798828125
2845,4234,9097.5595703125
2846,4235,8944.48046875
2847,4236,9038.740234375
2848,4237,8981.9404296875
2849,4238,8963.7197265625
2850,4241,9086.41015625
2851,4242,9107.4296875
2852,4243,9057.259765625
2853,4244,8943.759765625
2854,4245,8719.240234375
2855,4248,8628.1298828125
2856,4249,8733.009765625
2857,4250,8639.6103515625
2858,4251,8772.3603515625
2859,4252,8797.7802734375
2860,4255,8851.349609375
2861,4256,8953.900390625
2862,4257,8955.2001953125
2863,4258,9060.7998046875
2864,4259,8950.740234375
2865,4262,8784.4599609375
2866,4263,8590.5703125
2867,4264,8763.41015625
2868,4265,8793.1201171875
2869,4266,8737.66015625
2870,4269,8535.669921875
2871,4270,8616.5498046875
2872,4271,8518.5703125
2873,4272,8668.8603515625
2874,4273,8864.16015625
2875,4277,8721.240234375
2876,4278,8741.16015625
2877,4279,8560.259765625
2878,4283,8374.1298828125
2879,4284,8609.9501953125
2880,4285,8615.650390625
2881,4286,8701.23046875
2882,4287,8700.2900390625
2883,4290,8545.48046875
2884,4291,8456.1201171875
2885,4292,8382.98046875
2886,4293,8522.01953125
2887,4294,8605.6201171875
2888,4298,8773.6796875
2889,4299,8738.900390625
2890,4300,8823.25
2891,4301,8747.9599609375
2892,4304,8879.599609375
2893,4305,8741.91015625
2894,4306,8772.5400390625
2895,4307,8682.150390625
2896,4308,8678.8896484375
2897,4311,8843.98046875
2898,4312,8762.3095703125
2899,4313,8748.4697265625
2900,4314,8926.5400390625
2901,4315,9050.4697265625
2902,4318,8988.3896484375
2903,4319,8835.51953125
2904,4320,8640.419921875
2905,4322,8801.400390625
2906,4325,8767.08984375
2907,4326,8655.509765625
2908,4327,8755.4404296875
2909,4328,8500.7998046875
2910,4329,8514.4697265625
2911,4332,8603.7001953125
2912,4333,8541.9296875
2913,4334,8463.16015625
2914,4335,8479.6298828125
2915,4336,8374.91015625
2916,4339,8348.26953125
2917,4340,8314.740234375
2918,4342,8165.18017578125
2919,4343,8160.009765625
2920,4346,8287.490234375
2921,4347,8477.8203125
2922,4348,8434.6103515625
2923,4349,8597.3798828125
2924,4350,8643.75
2925,4353,8695.98046875
2926,4354,8575.16015625
2927,4355,8722.169921875
2928,4356,8664.580078125
2929,4357,8536.4599609375
2930,4360,8653.8203125
2931,4361,8552.8095703125
2932,4362,8519.1298828125
2933,4363,8377.3701171875
2934,4364,8401.7197265625
2935,4367,8296.1201171875
2936,4368,8336.48046875
2937,4369,8459.98046875
2938,4370,8395.16015625
2939,4374,8479.33984375
2940,4375,8440.5595703125
2941,4376,8423.6201171875
2942,4377,8398.8896484375
2943,4378,8455.349609375
2944,4383,8560.1103515625
2945,4384,8488.7099609375
2946,4385,8390.349609375
2947,4389,8422.259765625
2948,4390,8447.8798828125
2949,4391,8385.58984375
2950,4392,8500.01953125
2951,4395,8378.3603515625
2952,4396,8466.400390625
2953,4397,8550.580078125
2954,4398,8639.6796875
2955,4399,8766.3603515625
2956,4402,8765.900390625
2957,4403,8785.330078125
2958,4404,8883.6904296875
2959,4405,8849.4697265625
2960,4406,8841.2197265625
2961,4409,8793.0498046875
2962,4410,8802.509765625
2963,4411,8809.7900390625
2964,4412,8876.8203125
2965,4413,8831.9296875
2966,4416,8929.2001953125
2967,4417,8917.51953125
2968,4418,9015.58984375
2969,4419,9002.240234375
2970,4420,8947.169921875
2971,4423,8999.1796875
2972,4424,9052.0703125
2973,4425,9260.33984375
2974,4426,9238.099609375
2975,4427,9384.169921875
2976,4430,9485.08984375
2977,4431,9463.01953125
2978,4432,9554.0
2979,4433,9595.5703125
2980,4434,9647.3798828125
2981,4437,9633.9296875
2982,4438,9722.51953125
2983,4439,9723.240234375
2984,4440,9707.3701171875
2985,4441,9777.0302734375
2986,4444,9698.58984375
2987,4445,9637.6298828125
2988,4446,9576.0595703125
2989,4447,9768.9599609375
2990,4448,9929.740234375
2991,4451,9889.8603515625
2992,4452,9899.080078125
2993,4453,10050.51953125
2994,4454,10123.2802734375
2995,4455,10129.830078125
2996,4458,10141.990234375
2997,4460,10086.490234375
2998,4461,10127.080078125
2999,4462,10011.4697265625
3000,4465,10018.240234375
3001,4466,10255.150390625
3002,4467,10182.5703125
3003,4468,10114.7900390625
3004,4469,10083.5595703125
3005,4472,10109.8701171875
3006,4473,10050.3896484375
3007,4474,9819.990234375
3008,4475,9767.6103515625
3009,4476,9688.4501953125
3010,4479,9546.259765625
3011,4480,9538.01953125
3012,4481,9458.740234375
3013,4482,9524.7900390625
3014,4483,9637.990234375
3015,4486,9470.6396484375
3016,4487,9464.7099609375
3017,4488,9667.259765625
3018,4489,9588.3798828125
3019,4490,9561.3603515625
3020,4493,9542.169921875
3021,4494,9468.0400390625
3022,4495,9561.009765625
3023,4496,9561.830078125
3024,4497,9520.8896484375
3025,4501,9350.9501953125
3026,4502,9380.25
3027,4507,9119.1396484375
3028,4508,9181.650390625
3029,4509,9045.0595703125
3030,4510,9009.650390625
3031,4511,8953.3095703125
3032,4514,8973.83984375
3033,4515,8900.740234375
3034,4516,8801.169921875
3035,4517,8876.58984375
3036,4518,8611.3095703125
3037,4521,8633.8896484375
3038,4522,8729.2900390625
3039,4523,8556.599609375
3040,4524,8563.3798828125
3041,4525,8580.3896484375
3042,4528,8593.150390625
3043,4529,8657.080078125
3044,4530,8633.1904296875
3045,4531,8542.73046875
3046,4532,8440.25
3047,4535,8295.6298828125
3048,4536,8382.0
3049,4537,8533.5302734375
3050,4538,8639.7197265625
3051,4539,8459.259765625
3052,4542,8624.900390625
3053,4543,8536.7197265625
3054,4544,8587.83984375
3055,4545,8568.8896484375
3056,4546,8569.3203125
3057,4549,8721.01953125
3058,4550,8655.8701171875
3059,4551,8752.3095703125
3060,4552,8824.0703125
3061,4553,8798.349609375
3062,4556,8734.6201171875
3063,4557,8663.990234375
3064,4558,8730.490234375
3065,4559,8874.1103515625
3066,4560,9006.7802734375
3067,4563,9003.48046875
3068,4564,9066.58984375
3069,4565,9104.169921875
3070,4566,9079.7998046875
3071,4567,9020.75
3072,4570,8896.8798828125
3073,4571,8857.73046875
3074,4572,8851.0
3075,4573,8720.009765625
3076,4574,8724.1201171875
3077,4578,8755.0
3078,4579,8726.740234375
3079,4580,8795.5498046875
3080,4581,8669.8701171875
3081,4584,8508.3203125
3082,4585,8488.08984375
3083,4586,8365.900390625
3084,4587,8443.099609375
3085,4588,8566.6396484375
3086,4591,8635.4404296875
3087,4592,8695.0595703125
3088,4593,8641.849609375
3089,4594,8653.1796875
3090,4595,8555.1103515625
3091,4598,8726.2900390625
3092,4599,8803.3095703125
3093,4600,8881.16015625
3094,4601,8978.599609375
3095,4602,8891.4404296875
3096,4605,8885.150390625
3097,4606,8929.8798828125
3098,4607,8925.0400390625
3099,4608,9092.759765625
3100,4609,9162.5
3101,4612,9171.16015625
3102,4613,9156.919921875
3103,4614,9131.740234375
3104,4615,9178.1201171875
3105,4616,9070.759765625
3106,4619,9085.3896484375
3107,4620,9033.2900390625
3108,4621,9069.8095703125
3109,4622,8983.7802734375
3110,4623,8839.91015625
3111,4626,8783.8896484375
3112,4627,8775.509765625
3113,4628,8679.8203125
3114,4629,8680.5703125
3115,4630,8871.650390625
3116,4633,8869.3701171875
3117,4634,8807.3798828125
3118,4635,8959.9599609375
3119,4636,8995.150390625
3120,4637,9159.3896484375
3121,4641,9123.76953125
3122,4642,9232.2099609375
3123,4643,9086.98046875
3124,4644,9110.0
3125,4647,9069.2900390625
3126,4648,9091.5400390625
3127,4649,8906.7001953125
3128,4650,8949.8701171875
3129,4651,8870.16015625
3130,4654,8796.509765625
3131,4655,8786.0498046875
3132,4656,8746.8701171875
3133,4657,8824.58984375
3134,4658,8863.2998046875
3135,4662,8769.58984375
3136,4663,8596.23046875
3137,4664,8546.7802734375
3138,4665,8534.1201171875
3139,4668,8577.9296875
3140,4669,8701.3095703125
3141,4670,8806.5498046875
3142,4671,8982.8603515625
3143,4672,9002.6796875
3144,4675,9010.7099609375
3145,4676,9014.25
3146,4677,8954.2998046875
3147,4678,9055.2001953125
3148,4679,8933.0595703125
3149,4682,8929.33984375
3150,4683,8841.98046875
3151,4684,8928.2900390625
3152,4685,8946.8701171875
3153,4686,9051.2197265625
3154,4689,9007.4404296875
3155,4690,8975.150390625
3156,4691,8972.8896484375
3157,4692,8837.150390625
3158,4693,8757.599609375
3159,4696,8676.4404296875
3160,4697,8661.0498046875
3161,4698,8664.73046875
3162,4699,8829.7197265625
3163,4700,9024.16015625
3164,4703,9153.2001953125
3165,4704,9142.6396484375
3166,4705,9222.51953125
3167,4706,9366.7998046875
3168,4710,9388.9404296875
3169,4711,9423.2998046875
3170,4712,9308.349609375
3171,4713,9400.8798828125
3172,4714,9446.009765625
3173,4717,9458.1796875
3174,4718,9432.4599609375
3175,4719,9468.83984375
3176,4720,9545.16015625
3177,4721,9527.3896484375
3178,4724,9533.75
3179,4725,9525.3203125
3180,4726,9581.4599609375
3181,4727,9742.73046875
3182,4728,9737.5595703125
3183,4731,9828.8798828125
3184,4732,9923.009765625
3185,4733,10160.400390625
3186,4734,10039.330078125
3187,4735,9940.0595703125
3188,4739,10080.1201171875
3189,4740,10230.3603515625
3190,4741,10322.98046875
3191,4742,10395.1796875
3192,4749,10688.1103515625
3193,4752,10599.009765625
3194,4753,10508.0595703125
3195,4754,10578.5703125
3196,4755,10652.6396484375
3197,4756,10801.5703125
3198,4760,10879.080078125
3199,4761,10600.4404296875
3200,4762,10609.6396484375
3201,4763,10913.2998046875
3202,4766,10747.740234375
3203,4767,10709.9296875
3204,4768,10486.990234375
3205,4769,10620.8701171875
3206,4770,10926.650390625
3207,4773,10824.3095703125
3208,4774,10866.7197265625
3209,4775,11113.9501953125
3210,4776,11138.66015625
3211,4777,11191.33984375
3212,4780,11260.349609375
3213,4781,11046.919921875
3214,4782,11463.75
3215,4783,11357.0703125
3216,4784,11153.16015625
3217,4788,11369.1201171875
3218,4789,11251.41015625
3219,4790,11307.2802734375
3220,4791,11173.830078125
3221,4794,11407.8701171875
3222,4795,11372.33984375
3223,4796,11468.2802734375
3224,4797,11309.1298828125
3225,4798,11385.9404296875
3226,4801,11662.51953125
3227,4802,11398.8095703125
3228,4803,11253.9697265625
3229,4804,11559.3603515625
3230,4805,11606.3798828125
3231,4808,11652.2900390625
3232,4809,11683.4501953125
3233,4810,11932.26953125
3234,4811,11968.080078125
3235,4812,12283.6201171875
3236,4815,12349.0498046875
3237,4816,12314.8095703125
3238,4817,12239.66015625
3239,4818,12381.1904296875
3240,4819,12560.9501953125
3241,4822,12220.6298828125
3242,4823,12468.23046875
3243,4825,12635.6904296875
3244,4826,12338.5302734375
3245,4829,12546.4599609375
3246,4830,12471.6201171875
3247,4831,12493.7900390625
3248,4832,12335.9599609375
3249,4833,12397.91015625
3250,4836,12135.01953125
3251,4837,12003.4296875
3252,4838,12362.2001953125
3253,4839,12634.5400390625
3254,4840,12833.6396484375
3255,4843,13192.58984375
3256,4844,13192.349609375
3257,4845,13288.1298828125
3258,4846,13549.16015625
3259,4847,13485.1396484375
3260,4850,13275.66015625
3261,4851,13221.4404296875
3262,4852,13382.8896484375
3263,4853,13220.0703125
3264,4854,13316.48046875
3265,4857,13568.3701171875
3266,4858,13529.650390625
3267,4859,13843.4599609375
3268,4860,13926.080078125
3269,4861,13884.1298828125
3270,4865,13860.8603515625
3271,4866,13799.349609375
3272,4867,13694.0400390625
3273,4872,14180.240234375
3274,4873,14285.6904296875
3275,4874,14191.48046875
3276,4875,14607.5400390625
3277,4878,14782.2099609375
3278,4879,14758.419921875
3279,4880,15096.0302734375
3280,4881,15037.240234375
3281,4882,15138.1201171875
3282,4885,15360.8095703125
3283,4886,15381.01953125
3284,4887,15627.259765625
3285,4888,14483.98046875
3286,4889,14612.4501953125
3287,4892,14142.650390625
3288,4893,14311.98046875
3289,4894,14326.4599609375
3290,4895,13589.0302734375
3291,4896,13774.5400390625
3292,4899,13261.8203125
3293,4900,13533.759765625
3294,4901,13014.8701171875
3295,4902,12904.01953125
3296,4903,12877.5302734375
3297,4906,13514.2001953125
3298,4907,13317.6201171875
3299,4908,13289.3203125
3300,4909,12445.3798828125
3301,4910,12686.51953125
3302,4913,13033.1201171875
3303,4914,13007.2802734375
3304,4915,13245.2197265625
3305,4916,13014.580078125
3306,4917,13230.1298828125
3307,4920,13062.7802734375
3308,4921,12969.33984375
3309,4922,12834.009765625
3310,4923,13213.5498046875
3311,4924,13677.3203125
3312,4927,13852.5
3313,4928,14098.740234375
3314,4929,14055.5595703125
3315,4930,14018.9296875
3316,4931,14309.9697265625
3317,4934,14109.33984375
3318,4935,14472.900390625
3319,4936,14416.599609375
3320,4937,14472.580078125
3321,4938,14506.25
3322,4942,14599.1201171875
3323,4943,14615.0400390625
3324,4944,14808.5
3325,4945,14589.91015625
3326,4948,14658.0400390625
3327,4949,14778.509765625
3328,4950,14731.2802734375
3329,4951,14562.9296875
3330,4952,14129.98046875
3331,4955,13661.1298828125
3332,4956,13869.8203125
3333,4957,13668.3203125
3334,4958,14005.76953125
3335,4959,14466.16015625
3336,4962,14258.0400390625
3337,4963,14401.0595703125
3338,4964,13824.9404296875
3339,4965,13605.5595703125
3340,4966,13615.1904296875
3341,4969,13519.4296875
3342,4970,13867.0
3343,4971,14050.16015625
3344,4972,13752.9404296875
3345,4973,13650.1103515625
3346,4976,13758.1298828125
3347,4977,13396.3798828125
3348,4978,13424.330078125
3349,4979,13365.169921875
3350,4980,13660.5498046875
3351,4983,13636.2802734375
3352,4984,13542.3701171875
3353,4985,13338.4599609375
3354,4986,13459.7099609375
3355,4987,13388.8603515625
3356,4990,13572.919921875
3357,4991,13978.4404296875
3358,4992,14053.8701171875
3359,4993,14064.8203125
3360,4994,13860.8095703125
3361,4997,14205.23046875
3362,4998,14423.3603515625
3363,4999,14425.0703125
3364,5000,14387.26953125
3365,5001,14404.669921875
3366,5005,14311.669921875
3367,5006,14505.3603515625
3368,5007,14766.1796875
3369,5008,14742.419921875
3370,5012,14732.6103515625
3371,5013,14620.5302734375
3372,5014,14799.1201171875
3373,5015,14760.0703125
3374,5018,14455.7998046875
3375,5019,14484.7197265625
3376,5020,14170.490234375
3377,5021,14157.25
3378,5022,14024.3095703125
3379,5025,13853.3203125
3380,5026,13894.6103515625
3381,5027,14037.83984375
3382,5028,14194.7099609375
3383,5029,14404.740234375
3384,5033,14441.5400390625
3385,5034,14467.1396484375
3386,5035,14586.509765625
3387,5036,14561.5400390625
3388,5039,14693.5703125
3389,5040,14713.25
3390,5041,14426.0498046875
3391,5042,14486.41015625
3392,5043,14088.1904296875
3393,5046,14396.0400390625
3394,5047,14325.98046875
3395,5048,14502.349609375
3396,5049,14327.9404296875
3397,5050,14201.5703125
3398,5054,14225.3701171875
3399,5055,14337.3095703125
3400,5056,14228.4404296875
3401,5057,14086.7998046875
3402,5060,14269.83984375
3403,5061,14588.6796875
3404,5062,14567.16015625
3405,5063,14876.41015625
3406,5064,15165.919921875
3407,5067,15164.2998046875
3408,5068,15126.5595703125
3409,5069,15076.080078125
3410,5070,15365.599609375
3411,5071,15381.7197265625
3412,5074,15619.1298828125
3413,5075,15515.240234375
3414,5076,15449.6298828125
3415,5077,15727.1201171875
3416,5078,15661.8701171875
3417,5081,15655.0703125
3418,5082,15749.66015625
3419,5083,15407.9404296875
3420,5084,15177.490234375
3421,5085,15299.8603515625
3422,5088,15650.2099609375
3423,5089,15611.3095703125
3424,5090,15515.0595703125
3425,5091,15341.8203125
3426,5092,15403.1103515625
3427,5095,15152.91015625
3428,5096,15278.6298828125
3429,5097,15587.7998046875
3430,5098,15859.2197265625
3431,5099,15870.419921875
3432,5103,15889.330078125
3433,5104,16009.990234375
3434,5105,16174.4404296875
3435,5106,16178.9404296875
3436,5109,16291.3095703125
3437,5116,15908.8798828125
3438,5117,15814.3701171875
3439,5118,16121.4501953125
3440,5119,15880.330078125
3441,5120,15912.0595703125
3442,5124,15422.400390625
3443,5125,15808.73046875
3444,5126,15747.2001953125
3445,5127,15734.4599609375
3446,5130,15641.6796875
3447,5131,15795.9599609375
3448,5132,15820.9599609375
3449,5133,15695.8896484375
3450,5134,15391.5595703125
3451,5137,15005.73046875
3452,5138,14980.16015625
3453,5139,15383.91015625
3454,5140,15007.0595703125
3455,5141,14914.5302734375
3456,5144,14619.1298828125
3457,5145,14008.4697265625
3458,5146,14180.3798828125
3459,5147,14155.1201171875
3460,5148,14462.41015625
3461,5151,14718.33984375
3462,5153,14800.0595703125
3463,5154,14534.740234375
3464,5155,14313.0302734375
3465,5158,14393.1103515625
3466,5159,14843.240234375
3467,5160,14766.5302734375
3468,5161,14449.1796875
3469,5162,14865.669921875
3470,5165,14837.6796875
3471,5166,15051.599609375
3472,5167,14970.9697265625
3473,5168,14923.1103515625
3474,5169,14841.0703125
3475,5172,14652.23046875
3476,5173,14721.48046875
3477,5174,14897.6298828125
3478,5175,15134.75
3479,5176,15274.0703125
3480,5179,15120.1396484375
3481,5180,15224.1103515625
3482,5181,14830.3896484375
3483,5182,14815.98046875
3484,5183,14327.66015625
3485,5186,14277.669921875
3486,5187,14411.26953125
3487,5188,14462.51953125
3488,5189,14224.23046875
3489,5193,14475.2998046875
3490,5194,14423.1904296875
3491,5195,14477.16015625
3492,5196,14622.8896484375
3493,5197,14696.0302734375
3494,5200,14827.830078125
3495,5201,14791.990234375
3496,5202,14946.3203125
3497,5203,15071.8798828125
3498,5204,15063.76953125
3499,5207,14808.849609375
3500,5208,14606.8798828125
3501,5209,14299.6904296875
3502,5210,14300.1201171875
3503,5211,13960.0498046875
3504,5214,13910.16015625
3505,5215,13996.8095703125
3506,5216,14417.6796875
3507,5217,14417.5302734375
3508,5218,14516.26953125
3509,5221,14512.3798828125
3510,5222,14388.76953125
3511,5223,14546.26953125
3512,5224,14404.990234375
3513,5225,14429.259765625
3514,5228,14288.23046875
3515,5230,14304.1103515625
3516,5231,14485.1298828125
3517,5232,14457.509765625
3518,5237,14033.4501953125
3519,5238,14163.7802734375
3520,5239,14199.58984375
3521,5242,14149.51953125
3522,5243,14425.4404296875
3523,5244,14405.759765625
3524,5245,14298.2099609375
3525,5246,14096.58984375
3526,5249,14006.4404296875
3527,5250,14075.25
3528,5251,14042.169921875
3529,5252,14337.7900390625
3530,5253,14462.169921875
3531,5256,14602.51953125
3532,5257,14636.51953125
3533,5258,14670.9501953125
3534,5259,14681.7197265625
3535,5260,14632.3798828125
3536,5263,14935.919921875
3537,5264,15034.25
3538,5265,15067.9599609375
3539,5266,15079.3701171875
3540,5267,15077.240234375
3541,5270,15124.0
3542,5271,14994.7998046875
3543,5272,15069.48046875
3544,5273,14973.5302734375
3545,5274,15097.83984375
3546,5277,14933.2900390625
3547,5278,14975.9697265625
3548,5279,15115.7998046875
3549,5280,15361.16015625
3550,5281,15349.419921875
3551,5284,15369.2802734375
3552,5285,15376.240234375
3553,5286,15266.6103515625
3554,5287,15308.490234375
3555,5288,15095.0
3556,5291,15162.099609375
3557,5292,15326.2001953125
3558,5293,15369.9697265625
3559,5294,15348.2900390625
3560,5295,15437.1298828125
3561,5298,15379.4404296875
3562,5299,15314.41015625
3563,5300,15302.650390625
3564,5301,15216.4697265625
3565,5302,15164.0400390625
3566,5305,15296.8203125
3567,5306,15395.16015625
3568,5307,15379.2998046875
3569,5308,15370.259765625
3570,5309,15215.7099609375
3571,5313,15343.2802734375
3572,5314,15328.5595703125
3573,5315,15284.419921875
3574,5316,15457.8701171875
3575,5319,15529.400390625
3576,5320,15618.0703125
3577,5321,15646.23046875
3578,5322,15620.76953125
3579,5323,15523.1103515625
3580,5326,15474.5
3581,5327,15320.3095703125
3582,5328,15159.7900390625
3583,5329,15232.3701171875
3584,5330,14778.3701171875
3585,5333,15130.51953125
3586,5334,15161.3095703125
3587,5335,15213.6298828125
3588,5336,15314.5703125
3589,5337,15318.33984375
3590,5340,15322.599609375
3591,5341,15449.7900390625
3592,5342,15454.4501953125
3593,5343,15586.2001953125
3594,5344,15539.1904296875
3595,5347,15613.25
3596,5348,15521.2197265625
3597,5349,15534.8203125
3598,5350,15459.8603515625
3599,5351,15424.58984375
3600,5354,15476.599609375
3601,5355,15668.599609375
3602,5356,15728.349609375
3603,5357,15676.1796875
3604,5358,15668.6796875
3605,5361,15705.1103515625
3606,5362,15749.150390625
3607,5363,15788.7802734375
3608,5364,15909.2001953125
3609,5365,15948.2900390625
3610,5369,15911.5302734375
3611,5370,15888.669921875
3612,5371,16067.5703125
3613,5372,16321.169921875
3614,5375,16205.900390625
3615,5377,16167.4501953125
3616,5378,16374.1396484375
3617,5379,16229.8603515625
3618,5382,16310.6396484375
3619,5383,16173.51953125
3620,5384,16082.25
3621,5385,15661.990234375
3622,5386,15708.650390625
3623,5389,15890.9501953125
3624,5390,15783.830078125
3625,5391,15595.98046875
3626,5392,15478.9296875
3627,5393,15300.5498046875
3628,5397,14936.509765625
3629,5398,15073.51953125
3630,5399,14738.3798828125
3631,5400,14532.509765625
3632,5403,15111.23046875
3633,5404,14804.2802734375
3634,5405,15195.76953125
3635,5406,15138.9599609375
3636,5407,15291.6396484375
3637,5410,15388.7197265625
3638,5411,15329.91015625
3639,5412,15553.91015625
3640,5413,15658.2001953125
3641,5414,16413.759765625
3642,5418,16862.470703125
3643,5419,16937.3203125
3644,5420,16792.48046875
3645,5421,16880.380859375
3646,5424,16780.529296875
3647,5425,17124.109375
3648,5426,17197.05078125
3649,5427,17392.7890625
3650,5428,17490.830078125
3651,5431,16973.80078125
3652,5432,17344.060546875
3653,5433,17288.75
3654,5434,17300.859375
3655,5435,17357.509765625
3656,5439,17407.619140625
3657,5440,17383.580078125
3658,5441,17248.5
3659,5442,17459.849609375
3660,5445,17590.099609375
3661,5446,17663.220703125
3662,5447,17720.4296875
3663,5448,17887.2109375
3664,5449,17920.44921875
3665,5452,17935.640625
3666,5453,17813.380859375
3667,5454,17412.580078125
3668,5455,17257.400390625
3669,5456,17371.580078125
3670,5459,17099.400390625
3671,5460,16755.3203125
3672,5461,16819.73046875
3673,5462,17210.05078125
3674,5463,17621.400390625
3675,5466,17635.140625
3676,5468,17854.23046875
3677,5469,17808.75
3678,5470,17818.9609375
3679,5473,17729.83984375
3680,5474,17450.76953125
3681,5480,17408.7109375
3682,5481,16883.189453125
3683,5482,16885.330078125
3684,5483,17167.099609375
3685,5484,17197.73046875
3686,5488,17087.7109375
3687,5489,16795.9609375
3688,5490,17108.69921875
3689,5491,16864.16015625
3690,5494,17014.2890625
3691,5495,17366.30078125
3692,5496,17280.48046875
3693,5497,17329.01953125
3694,5498,17511.75
3695,5501,17468.51953125
3696,5502,17768.30078125
3697,5503,17795.73046875
3698,5504,17606.220703125
3699,5505,17674.390625
3700,5508,17558.0390625
3701,5509,17335.849609375
3702,5510,17678.740234375
3703,5511,17504.619140625
3704,5512,17648.5
3705,5515,17711.9296875
3706,5516,17652.6796875
3707,5518,17979.720703125
3708,5519,17913.359375
3709,5522,18004.76953125
3710,5523,17987.08984375
3711,5524,18199.169921875
3712,5525,18264.7890625
3713,5526,18332.30078125
3714,5529,18466.919921875
3715,5530,18603.48046875
3716,5531,18585.19921875
3717,5532,18785.7890625
3718,5533,18797.939453125
3719,5536,18826.880859375
3720,5537,18815.16015625
3721,5538,18703.599609375
3722,5539,18751.83984375
3723,5540,18971.0
3724,5543,18790.55078125
3725,5544,18665.109375
3726,5545,18723.51953125
3727,5546,18991.109375
3728,5547,19254.25
3729,5550,19246.060546875
3730,5551,19437.0
3731,5552,19544.48046875
3732,5553,19476.560546875
3733,5554,19560.220703125
3734,5557,19754.359375
3735,5558,19713.44921875
3736,5559,19746.19921875
3737,5560,19471.119140625
3738,5561,19285.630859375
3739,5564,19411.400390625
3740,5565,19206.990234375
3741,5566,19034.83984375
3742,5567,19312.7890625
3743,5568,19435.080078125
3744,5571,19397.98046875
3745,5572,19640.5390625
3746,5573,19789.810546875
3747,5574,19937.720703125
3748,5575,19907.630859375
3749,5578,19905.4609375
3750,5579,19908.6796875
3751,5580,19869.759765625
3752,5581,19885.76953125
3753,5582,19652.880859375
3754,5585,19634.490234375
3755,5586,19909.08984375
3756,5587,20133.900390625
3757,5588,20187.650390625
3758,5589,20020.0390625
3759,5592,19983.3203125
3760,5593,20058.94921875
3761,5595,19520.009765625
3762,5596,19531.630859375
3763,5602,19291.990234375
3764,5603,19379.189453125
3765,5606,19620.91015625
3766,5607,19624.83984375
3767,5608,19764.720703125
3768,5609,19570.240234375
3769,5610,19732.919921875
3770,5613,19890.26953125
3771,5614,20026.380859375
3772,5615,20196.560546875
3773,5616,20202.869140625
3774,5617,20264.41015625
3775,5620,20413.76953125
3776,5621,20437.48046875
3777,5622,20472.580078125
3778,5623,20551.4609375
3779,5624,20563.150390625
3780,5627,20569.869140625
3781,5628,20543.189453125
3782,5629,20473.509765625
3783,5630,20488.189453125
3784,5631,20460.900390625
3785,5634,20457.189453125
3786,5635,20096.30078125
3787,5636,20046.359375
3788,5637,20382.970703125
3789,5638,20407.080078125
3790,5641,20387.7890625
3791,5642,20257.939453125
3792,5643,20219.26953125
3793,5644,19990.8203125
3794,5645,20174.240234375
3795,5648,20428.189453125
3796,5649,20809.419921875
3797,5650,20868.029296875
3798,5651,20771.400390625
3799,5652,20706.150390625
3800,5655,20109.94921875
3801,5656,20235.73046875
3802,5657,20329.3203125
3803,5658,20522.5
3804,5659,20539.7890625
3805,5662,20112.119140625
3806,5663,20376.58984375
3807,5664,19737.640625
3808,5665,19855.5
3809,5666,19779.830078125
3810,5669,20089.76953125
3811,5670,20385.330078125
3812,5671,20463.330078125
3813,5672,20600.119140625
3814,5673,20650.919921875
3815,5677,20841.970703125
3816,5678,20593.669921875
3817,5679,20683.94921875
3818,5680,20544.529296875
3819,5683,20350.099609375
3820,5684,20328.890625
3821,5685,20302.91015625
3822,5686,20522.830078125
3823,5687,20585.240234375
3824,5690,20548.109375
3825,5691,20520.359375
3826,5692,20614.060546875
3827,5693,20664.439453125
3828,5694,20724.560546875
3829,5697,20808.689453125
3830,5698,20720.75
3831,5699,20392.76953125
3832,5700,20595.55078125
3833,5701,20519.44921875
3834,5704,20620.259765625
3835,5705,20554.470703125
3836,5706,20222.630859375
3837,5707,20033.51953125
3838,5708,19435.830078125
3839,5711,18540.6796875
3840,5712,17806.69921875
3841,5713,18376.830078125
3842,5714,18574.439453125
3843,5715,19136.3203125
3844,5718,18890.48046875
3845,5719,18165.689453125
3846,5720,18095.400390625
3847,5721,18182.390625
3848,5722,17792.16015625
3849,5725,17860.470703125
3850,5726,17427.080078125
3851,5727,18770.509765625
3852,5728,18299.619140625
3853,5729,18264.220703125
3854,5732,17965.69921875
3855,5733,18026.48046875
3856,5734,18171.599609375
3857,5735,18432.26953125
3858,5736,18070.2109375
3859,5742,17571.830078125
3860,5743,17880.509765625
3861,5746,17645.109375
3862,5747,16930.83984375
3863,5748,17388.150390625
3864,5749,17722.419921875
3865,5750,17725.130859375
3866,5753,18005.490234375
3867,5754,18186.099609375
3868,5755,18322.98046875
3869,5756,18141.169921875
3870,5757,18438.669921875
3871,5761,18234.740234375
3872,5762,17891.0
3873,5763,18096.900390625
3874,5764,18291.80078125
3875,5767,18131.23046875
3876,5768,18207.150390625
3877,5769,18554.279296875
3878,5770,18435.869140625
3879,5771,18825.30078125
3880,5774,18947.119140625
3881,5775,18777.0390625
3882,5776,18903.01953125
3883,5777,18935.7109375
3884,5778,19083.099609375
3885,5781,18683.240234375
3886,5783,18926.91015625
3887,5784,19116.41015625
3888,5785,19265.599609375
3889,5788,19642.740234375
3890,5789,19671.259765625
3891,5790,19691.390625
3892,5791,19697.76953125
3893,5792,19596.91015625
3894,5795,19393.689453125
3895,5796,19630.630859375
3896,5797,19649.1796875
3897,5798,19859.810546875
3898,5799,19879.810546875
3899,5803,19924.890625
3900,5804,19847.580078125
3901,5805,19944.41015625
3902,5806,19883.939453125
3903,5809,19747.470703125
3904,5810,20012.400390625
3905,5811,19938.130859375
3906,5812,19939.900390625
3907,5813,19504.48046875
3908,5816,19698.150390625
3909,5817,19492.599609375
3910,5818,19301.0703125
3911,5819,19046.55078125
3912,5820,19230.48046875
3913,5823,18883.419921875
3914,5824,18565.900390625
3915,5825,19049.91015625
3916,5826,19353.560546875
3917,5827,18986.80078125
3918,5830,18916.01953125
3919,5831,18886.69921875
3920,5833,18789.689453125
3921,5834,18769.060546875
3922,5837,18873.349609375
3923,5838,18982.23046875
3924,5839,19033.7109375
3925,5844,18450.98046875
3926,5845,18374.0
3927,5846,18191.3203125
3928,5847,17767.33984375
3929,5848,17697.9609375
3930,5852,17218.9609375
3931,5853,17715.630859375
3932,5854,17240.94921875
3933,5855,17147.109375
3934,5858,16955.5703125
3935,5859,17048.369140625
3936,5860,16416.189453125
3937,5861,16017.259765625
3938,5862,16958.529296875
3939,5865,17110.91015625
3940,5866,16708.900390625
3941,5867,17163.919921875
3942,5868,17041.44921875
3943,5869,17518.30078125
3944,5872,17865.23046875
3945,5873,17750.6796875
3946,5874,17191.25
3947,5875,17044.990234375
3948,5876,16819.58984375
3949,5879,17004.30078125
3950,5880,16085.4404296875
3951,5881,15713.3896484375
3952,5883,14952.6103515625
3953,5886,16022.580078125
3954,5887,16054.4296875
3955,5888,15836.3603515625
3956,5889,16196.7998046875
3957,5890,15967.169921875
3958,5893,16111.0498046875
3959,5894,16052.0498046875
3960,5895,15915.7900390625
3961,5896,16140.33984375
3962,5897,16188.41015625
3963,5900,16026.759765625
3964,5901,16085.509765625
3965,5902,16746.55078125
3966,5903,16960.16015625
3967,5904,17014.779296875
3968,5907,16911.3203125
3969,5908,16783.150390625
3970,5909,16642.19921875
3971,5910,16852.349609375
3972,5911,16938.869140625
3973,5914,17233.75
3974,5915,17117.0703125
3975,5916,16974.44921875
3976,5917,16936.380859375
3977,5918,16724.810546875
3978,5922,17048.55078125
3979,5923,17000.98046875
3980,5924,16892.330078125
3981,5925,17002.75
3982,5928,17134.369140625
3983,5929,17103.529296875
3984,5930,16878.9609375
3985,5931,16758.669921875
3986,5932,16164.16015625
3987,5935,16123.26953125
3988,5936,15732.8203125
3989,5937,15715.3603515625
3990,5938,15749.83984375
3991,5939,15821.51953125
3992,5942,15751.1298828125
3993,5943,15928.7900390625
3994,5944,16381.2197265625
3995,5945,16911.05078125
3996,5946,16848.029296875
3997,5949,16275.9501953125
3998,5950,16874.439453125
3999,5951,16906.5390625
4000,5952,17363.619140625
4001,5953,17572.490234375
4002,5956,17439.30078125
4003,5957,17353.279296875
4004,5958,17290.490234375
4005,5959,16666.05078125
4006,5963,16147.3798828125
4007,5967,16106.7197265625
4008,5970,16216.0302734375
4009,5971,16565.189453125
4010,5972,16579.009765625
4011,5973,16646.33984375
4012,5974,16412.2109375
4013,5977,16466.400390625
4014,5978,16652.80078125
4015,5979,16644.689453125
4016,5980,16646.66015625
4017,5981,16736.349609375
4018,5984,16654.599609375
4019,5985,16498.759765625
4020,5986,16757.349609375
4021,5987,16772.4609375
4022,5988,16834.83984375
4023,5991,17068.01953125
4024,5992,17234.98046875
4025,5993,16955.73046875
4026,5994,16562.55078125
4027,5995,16642.23046875
4028,5998,16580.029296875
4029,5999,16675.44921875
4030,6000,16830.919921875
4031,6001,16668.41015625
4032,6002,16601.359375
4033,6005,16019.1796875
4034,6006,15859.0
4035,6007,15919.580078125
4036,6008,15434.1396484375
4037,6009,15599.66015625
4038,6012,15965.2998046875
4039,6013,16169.1103515625
4040,6014,16065.7197265625
4041,6015,16238.349609375
4042,6016,14952.01953125
4043,6019,15309.2099609375
4044,6020,15323.1396484375
4045,6021,15566.830078125
4046,6022,15575.919921875
4047,6023,15682.48046875
4048,6026,15775.7998046875
4049,6027,15669.330078125
4050,6028,15378.990234375
4051,6029,15276.240234375
4052,6030,15106.98046875
4053,6033,15708.8203125
4054,6034,16095.650390625
4055,6035,16231.4296875
4056,6036,16385.890625
4057,6037,16497.849609375
4058,6041,16723.310546875
4059,6042,16681.890625
4060,6043,16810.220703125
4061,6044,16627.25
4062,6047,16620.2890625
4063,6048,16383.0400390625
4064,6049,16664.8203125
4065,6050,16476.83984375
4066,6051,16569.26953125
4067,6054,16635.76953125
4068,6055,16391.44921875
4069,6056,16083.1103515625
4070,6057,16254.8896484375
4071,6058,16254.4501953125
4072,6061,16650.5703125
4073,6062,16764.970703125
4074,6063,16735.119140625
4075,6065,16919.919921875
4076,6068,16869.560546875
4077,6069,16596.509765625
4078,6070,16745.640625
4079,6071,16486.009765625
4080,6072,16545.8203125
4081,6075,16598.189453125
4082,6076,16497.359375
4083,6077,16597.30078125
4084,6078,16555.94921875
4085,6079,16360.7099609375
4086,6082,16737.490234375
4087,6083,16725.359375
4088,6084,16887.400390625
4089,6085,16926.83984375
4090,6086,16925.6796875
4091,6089,17037.630859375
4092,6090,17081.98046875
4093,6091,17012.439453125
4094,6092,16958.76953125
4095,6093,16965.759765625
4096,6096,16672.919921875
4097,6097,16729.0390625
4098,6098,16614.240234375
4099,6099,16405.009765625
4100,6100,16519.2890625
4101,6104,16492.150390625
4102,6105,16807.619140625
4103,6107,16754.01953125
4104,6110,16544.560546875
4105,6111,16683.9296875
4106,6112,16465.400390625
4107,6113,16693.7109375
4108,6114,16449.83984375
4109,6117,16598.669921875
4110,6118,16735.650390625
4111,6119,16819.240234375
4112,6120,16899.099609375
4113,6121,16860.08984375
4114,6125,17024.759765625
4115,6126,16840.0
4116,6127,16774.240234375
4117,6128,16856.369140625
4118,6131,16900.119140625
4119,6132,16963.609375
4120,6133,16998.91015625
4121,6134,17235.5
4122,6135,17184.58984375
4123,6138,17234.419921875
4124,6139,17365.25
4125,6140,17391.83984375
4126,6141,17336.419921875
4127,6142,17446.41015625
4128,6145,17425.01953125
4129,6146,17442.400390625
4130,6147,17134.6796875
4131,6149,16905.359375
4132,6152,17177.2109375
4133,6153,17171.380859375
4134,6154,16251.5400390625
4135,6155,17344.419921875
4136,6156,17374.7890625
4137,6159,17672.619140625
4138,6160,17668.150390625
4139,6161,17862.2109375
4140,6162,17862.630859375
4141,6163,17967.41015625
4142,6166,18106.01953125
4143,6167,18162.939453125
4144,6169,18333.41015625
4145,6170,18381.220703125
4146,6173,18356.890625
4147,6174,18307.0390625
4148,6175,18308.48046875
4149,6176,18513.119140625
4150,6177,18426.080078125
4151,6180,18274.990234375
4152,6181,18360.5390625
4153,6182,18496.689453125
4154,6183,18765.470703125
4155,6184,18996.369140625
4156,6187,19155.029296875
4157,6188,19250.51953125
4158,6189,19253.609375
4159,6190,19273.7890625
4160,6191,19401.150390625
4161,6194,19391.599609375
4162,6195,19494.529296875
4163,6196,19444.490234375
4164,6197,19427.669921875
4165,6201,19396.640625
4166,6202,19403.060546875
4167,6203,19401.720703125
4168,6204,19145.140625
4169,6205,19114.369140625
4170,6210,19594.16015625
4171,6211,19520.689453125
4172,6212,19454.330078125
4173,6216,19301.439453125
4174,6217,19364.669921875
4175,6218,19134.69921875
4176,6219,19287.279296875
4177,6222,19095.240234375
4178,6223,18813.529296875
4179,6224,18894.369140625
4180,6225,19072.25
4181,6226,19137.91015625
4182,6229,18891.029296875
4183,6230,18787.990234375
4184,6231,19057.5
4185,6232,19402.390625
4186,6233,19467.400390625
4187,6236,19368.849609375
4188,6237,19041.33984375
4189,6238,19148.080078125
4190,6239,18914.580078125
4191,6240,18918.19921875
4192,6243,18976.7109375
4193,6244,18910.779296875
4194,6245,19007.599609375
4195,6246,18907.669921875
4196,6247,19378.9296875
4197,6250,19459.150390625
4198,6251,19238.98046875
4199,6252,19437.98046875
4200,6253,19347.529296875
4201,6254,19234.619140625
4202,6257,19251.080078125
4203,6258,19381.439453125
4204,6259,19379.869140625
4205,6260,19371.4609375
4206,6261,19283.5390625
4207,6264,19107.470703125
4208,6265,19118.990234375
4209,6266,19393.5390625
4210,6267,19564.80078125
4211,6268,19469.169921875
4212,6271,19379.140625
4213,6272,19344.150390625
4214,6273,19254.029296875
4215,6274,19318.580078125
4216,6275,19604.609375
4217,6278,19633.75
4218,6279,19609.5
4219,6280,19577.380859375
4220,6281,19590.140625
4221,6282,19521.58984375
4222,6286,19455.880859375
4223,6287,19041.380859375
4224,6288,19085.310546875
4225,6289,19262.529296875
4226,6292,18985.58984375
4227,6293,19202.869140625
4228,6294,19217.48046875
4229,6295,19063.220703125
4230,6296,18909.259765625
4231,6299,18983.23046875
4232,6300,18810.25
4233,6301,18861.26953125
4234,6302,18597.060546875
4235,6303,18664.630859375
4236,6306,18797.880859375
4237,6307,18747.869140625
4238,6308,18552.609375
4239,6309,18426.83984375
4240,6310,18335.630859375
4241,6313,18355.259765625
4242,6314,18418.58984375
4243,6315,18432.19921875
4244,6316,18430.490234375
4245,6317,18620.75
4246,6320,18875.880859375
4247,6321,19079.330078125
4248,6322,19289.4296875
4249,6323,19251.869140625
4250,6324,19196.740234375
4251,6327,19310.51953125
4252,6328,19445.69921875
4253,6334,19895.69921875
4254,6335,19843.0
4255,6336,19900.08984375
4256,6337,19961.55078125
4257,6338,19883.900390625
4258,6341,19869.849609375
4259,6342,19919.8203125
4260,6343,19814.880859375
4261,6344,19553.859375
4262,6345,19590.759765625
4263,6348,19678.279296875
4264,6349,19613.279296875
4265,6350,19742.98046875
4266,6351,19813.130859375
4267,6352,19686.83984375
4268,6355,19682.5703125
4269,6356,19677.849609375
4270,6357,19650.5703125
4271,6358,19860.029296875
4272,6359,20177.279296875
4273,6362,20170.8203125
4274,6363,19979.900390625
4275,6364,19984.619140625
4276,6365,19909.259765625
4277,6366,20013.259765625
4278,6369,19908.580078125
4279,6370,19898.75
4280,6371,19883.51953125
4281,6372,19831.8203125
4282,6373,19943.259765625
4283,6376,20067.75
4284,6377,20230.41015625
4285,6378,20138.7890625
4286,6379,20110.509765625
4287,6380,20132.669921875
4288,6383,20153.349609375
4289,6384,20225.08984375
4290,6385,20130.41015625
4291,6386,20220.30078125
4292,6387,20033.4296875
4293,6390,20055.80078125
4294,6391,20032.349609375
4295,6392,20081.630859375
4296,6393,19994.060546875
4297,6394,19929.08984375
4298,6397,20080.98046875
4299,6398,20195.48046875
4300,6399,20098.380859375
4301,6400,20099.810546875
4302,6401,20118.859375
4303,6405,19999.91015625
4304,6406,20020.859375
4305,6407,20144.58984375
4306,6408,20099.75
4307,6411,19975.669921875
4308,6412,19955.19921875
4309,6413,20050.16015625
4310,6414,20079.640625
4311,6415,19959.83984375
4312,6418,19925.1796875
4313,6419,19985.7890625
4314,6420,20080.0390625
4315,6421,20029.259765625
4316,6422,19952.330078125
4317,6425,20055.890625
4318,6426,19996.009765625
4319,6427,19738.7109375
4320,6428,19729.740234375
4321,6432,19537.099609375
4322,6433,19753.310546875
4323,6434,19729.279296875
4324,6435,19702.630859375
4325,6436,19470.41015625
4326,6439,19393.130859375
4327,6440,19383.83984375
4328,6441,19434.640625
4329,6442,19353.76953125
4330,6443,19452.609375
4331,6446,19449.900390625
4332,6447,19362.55078125
4333,6448,19506.5390625
4334,6449,19646.240234375
4335,6450,19691.470703125
4336,6453,19508.25
4337,6454,19385.810546875
4338,6455,19357.970703125
4339,6456,19396.51953125
4340,6457,19274.8203125
4341,6460,19545.76953125
4342,6461,19776.619140625
4343,6462,19865.8203125
4344,6463,19807.439453125
4345,6464,19909.5
4346,6468,20299.380859375
4347,6469,20310.4609375
4348,6470,20347.48046875
4349,6471,20296.44921875
4350,6474,20397.580078125
4351,6475,20330.189453125
4352,6476,20267.05078125
4353,6477,20363.109375
4354,6478,20356.279296875
4355,6481,20400.779296875
4356,6482,20614.0703125
4357,6483,20626.66015625
4358,6484,20628.560546875
4359,6485,20690.7109375
4360,6489,20823.509765625
4361,6490,20881.26953125
4362,6491,20954.720703125
4363,6492,21155.1796875
4364,6495,21255.560546875
4365,6496,21336.119140625
4366,6497,21363.05078125
4367,6498,21448.51953125
4368,6499,21457.640625
4369,6502,21696.650390625
4370,6503,21805.169921875
4371,6504,21707.619140625
4372,6505,21739.779296875
4373,6506,22008.44921875
4374,6509,22011.669921875
4375,6510,22011.609375
4376,6511,22420.080078125
4377,6512,22539.119140625
4378,6516,22548.349609375
4379,6517,22937.599609375
4380,6518,22913.8203125
4381,6519,22868.7109375
4382,6520,22681.419921875
4383,6523,22380.990234375
4384,6524,22380.009765625
4385,6525,22028.3203125
4386,6526,22351.119140625
4387,6527,22396.80078125
4388,6530,22261.759765625
4389,6531,22416.48046875
4390,6532,22523.150390625
4391,6534,22550.849609375
4392,6537,22495.990234375
4393,6538,22486.240234375
4394,6539,22597.19921875
4395,6540,22724.9609375
4396,6541,22819.029296875
4397,6544,22707.16015625
4398,6545,22622.380859375
4399,6546,22177.0390625
4400,6547,22498.029296875
4401,6548,22811.080078125
4402,6551,22938.73046875
4403,6552,22866.169921875
4404,6553,22758.0703125
4405,6554,22694.44921875
4406,6555,22553.220703125
4407,6558,22901.76953125
4408,6559,22868.0
4409,6560,22891.720703125
4410,6561,22866.099609375
4411,6562,22902.759765625
4412,6565,22939.1796875
4413,6566,22892.689453125
4414,6567,22911.2109375
4415,6568,22783.98046875
4416,6569,22764.939453125
4417,6575,23506.330078125
4418,6576,23714.529296875
4419,6580,23849.990234375
4420,6581,23788.19921875
4421,6582,23710.4296875
4422,6583,23653.8203125
4423,6586,23714.880859375
4424,6587,23951.810546875
4425,6588,23868.33984375
4426,6589,23763.369140625
4427,6590,23808.060546875
4428,6593,23816.330078125
4429,6594,24124.150390625
4430,6595,23940.779296875
4431,6596,23669.490234375
4432,6597,23631.880859375
4433,6600,23629.33984375
4434,6601,23291.970703125
4435,6602,23098.2890625
4436,6603,23486.109375
4437,6604,23274.529296875
4438,6607,22682.080078125
4439,6608,21610.240234375
4440,6609,21645.369140625
4441,6610,21890.859375
4442,6611,21382.619140625
4443,6615,21244.6796875
4444,6616,21154.169921875
4445,6617,21464.98046875
4446,6618,21720.25
4447,6621,22149.2109375
4448,6622,21925.099609375
4449,6623,21970.810546875
4450,6624,21736.439453125
4451,6625,21892.779296875
4452,6628,22153.630859375
4453,6629,22389.859375
4454,6630,22068.240234375
4455,6631,21724.470703125
4456,6632,21181.640625
4457,6635,21042.08984375
4458,6636,21417.759765625
4459,6637,21252.720703125
4460,6638,21368.0703125
4461,6639,21469.19921875
4462,6642,21824.029296875
4463,6643,21968.099609375
4464,6644,21777.2890625
4465,6645,21803.94921875
4466,6646,21676.509765625
4467,6649,21480.900390625
4468,6650,21380.970703125
4469,6652,21591.990234375
4470,6653,20617.859375
4471,6656,20766.099609375
4472,6657,21317.3203125
4473,6658,21031.310546875
4474,6659,21159.080078125
4475,6660,21454.30078125
4476,6663,21388.580078125
4477,6664,21292.2890625
4478,6665,21319.55078125
4479,6666,21645.419921875
4480,6667,21567.51953125
4481,6670,21678.259765625
4482,6671,21794.3203125
4483,6672,21687.099609375
4484,6673,21660.279296875
4485,6674,21778.740234375
4486,6677,21835.529296875
4487,6678,21847.58984375
4488,6679,22158.19921875
4489,6680,22191.1796875
4490,6681,22162.240234375
4491,6684,22088.0390625
4492,6685,22278.119140625
4493,6686,22215.3203125
4494,6687,22319.609375
4495,6688,22467.869140625
4496,6692,22508.029296875
4497,6693,22472.779296875
4498,6698,22467.16015625
4499,6699,22508.689453125
4500,6700,22408.880859375
4501,6701,22497.1796875
4502,6702,22758.48046875
4503,6705,22865.859375
4504,6706,22818.01953125
4505,6707,22717.23046875
4506,6708,22838.369140625
4507,6709,22930.359375
4508,6712,23002.369140625
4509,6713,22960.33984375
4510,6714,22689.740234375
4511,6715,22437.009765625
4512,6716,22450.7890625
4513,6719,22481.08984375
4514,6720,22358.4296875
4515,6721,22018.51953125
4516,6722,22201.8203125
4517,6723,22171.349609375
4518,6726,22475.939453125
4519,6727,22539.5390625
4520,6728,22625.73046875
4521,6729,22823.259765625
4522,6730,22694.5
4523,6733,22804.0390625
4524,6734,22878.349609375
4525,6735,22966.380859375
4526,6736,22738.609375
4527,6737,22851.75
4528,6740,22680.330078125
4529,6741,22278.48046875
4530,6742,22555.4296875
4531,6743,22693.0390625
4532,6744,22516.830078125
4533,6747,22338.150390625
4534,6748,22342.0
4535,6749,22271.76953125
4536,6750,22270.390625
4537,6751,22304.509765625
4538,6754,21811.9296875
4539,6755,21785.5390625
4540,6756,21717.0390625
4541,6757,21546.990234375
4542,6758,21788.140625
4543,6761,22052.1796875
4544,6762,22196.890625
4545,6763,21932.2109375
4546,6764,22187.9609375
4547,6765,22597.349609375
4548,6768,22597.349609375
4549,6769,22697.359375
4550,6770,22794.189453125
4551,6771,22764.6796875
4552,6772,22697.880859375
4553,6775,22396.990234375
4554,6776,22510.48046875
4555,6777,22614.25
4556,6778,22586.869140625
4557,6779,22712.75
4558,6782,22544.83984375
4559,6783,22553.720703125
4560,6784,22746.69921875
4561,6785,22512.529296875
4562,6786,22525.1796875
4563,6789,22507.3203125
4564,6790,22662.740234375
4565,6791,22644.310546875
4566,6792,22598.390625
4567,6793,22298.080078125
4568,6796,21857.4296875
4569,6797,22356.080078125
4570,6798,22204.220703125
4571,6799,22192.0390625
4572,6800,22270.380859375
4573,6803,22199.0
4574,6804,22219.73046875
4575,6805,22362.55078125
4576,6806,22410.8203125
4577,6807,22601.76953125
4578,6810,22799.640625
4579,6811,22813.470703125
4580,6812,22848.220703125
4581,6813,22869.5
4582,6814,22865.150390625
4583,6817,22707.380859375
4584,6818,22696.900390625
4585,6819,22580.830078125
4586,6820,22487.939453125
4587,6821,22307.060546875
4588,6824,22373.08984375
4589,6825,22664.689453125
4590,6826,22604.609375
4591,6827,22821.3203125
4592,6828,23094.669921875
4593,6832,23420.5390625
4594,6833,23672.51953125
4595,6834,23674.9296875
4596,6835,23869.9296875
4597,6839,23940.259765625
4598,6840,24033.7890625
4599,6841,23796.740234375
4600,6842,24120.0390625
4601,6845,24245.759765625
4602,6846,24270.619140625
4603,6847,24110.9609375
4604,6848,23975.619140625
4605,6849,23783.720703125
4606,6853,23469.390625
4607,6854,23506.0390625
4608,6855,22590.859375
4609,6856,22694.66015625
4610,6859,22271.30078125
4611,6860,22549.240234375
4612,6861,22841.119140625
4613,6862,22658.16015625
4614,6863,22532.080078125
4615,6866,22614.8203125
4616,6867,22010.779296875
4617,6868,22091.1796875
4618,6869,21268.73046875
4619,6870,21184.599609375
4620,6873,21149.80078125
4621,6874,21457.2890625
4622,6875,21920.4609375
4623,6876,21687.650390625
4624,6877,22243.66015625
4625,6880,21898.990234375
4626,6881,22147.75
4627,6882,22085.80078125
4628,6883,22486.919921875
4629,6884,22250.25
4630,6887,22269.880859375
4631,6888,21810.51953125
4632,6889,21846.48046875
4633,6890,21803.619140625
4634,6891,21680.33984375
4635,6894,21821.16015625
4636,6895,21583.119140625
4637,6896,21507.5390625
4638,6897,21646.55078125
4639,6901,21812.0
4640,6902,21952.400390625
4641,6903,22177.01953125
4642,6904,22262.599609375
4643,6905,22351.060546875
4644,6908,22574.759765625
4645,6909,22036.05078125
4646,6910,21919.330078125
4647,6911,21501.619140625
4648,6912,21678.6796875
4649,6915,21219.5
4650,6916,21148.01953125
4651,6917,21602.75
4652,6918,21816.189453125
4653,6919,21374.830078125
4654,6922,21506.880859375
4655,6923,21115.44921875
4656,6924,20987.919921875
4657,6925,20392.580078125
4658,6926,20166.189453125
4659,6930,19155.740234375
4660,6931,19327.060546875
4661,6932,20077.619140625
4662,6933,20014.76953125
4663,6940,19561.9609375
4664,6943,20038.970703125
4665,6944,20204.0390625
4666,6945,20427.060546875
4667,6946,20163.80078125
4668,6947,20359.69921875
4669,6951,20555.2890625
4670,6952,20442.75
4671,6953,20402.26953125
4672,6954,20666.0703125
4673,6957,20719.330078125
4674,6958,20622.91015625
4675,6959,20593.720703125
4676,6960,20574.630859375
4677,6961,20773.560546875
4678,6964,20649.0
4679,6965,20664.640625
4680,6966,20556.5390625
4681,6967,20773.490234375
4682,6968,20788.390625
4683,6971,20883.76953125
4684,6972,20844.44921875
4685,6973,20874.060546875
4686,6974,20751.279296875
4687,6975,20333.169921875
4688,6979,20864.2109375
4689,6980,21144.48046875
4690,6981,21139.7109375
4691,6982,20900.630859375
4692,6985,21281.849609375
4693,6986,21302.650390625
4694,6987,21431.490234375
4695,6988,21464.23046875
4696,6989,21425.509765625
4697,6992,21528.23046875
4698,6993,21449.390625
4699,6994,21556.509765625
4700,6995,21385.16015625
4701,6996,21602.689453125
4702,6999,21822.0390625
4703,7000,21726.279296875
4704,7001,21596.810546875
4705,7002,21456.009765625
4706,7003,21025.560546875
4707,7006,21125.08984375
4708,7007,21503.689453125
4709,7008,21290.240234375
4710,7009,21287.01953125
4711,7010,21450.849609375
4712,7013,21584.5
4713,7014,21566.849609375
4714,7015,21608.919921875
4715,7017,21627.33984375
4716,7020,20977.109375
4717,7021,21428.390625
4718,7022,21378.73046875
4719,7023,21033.759765625
4720,7024,21205.810546875
4721,7027,21509.029296875
4722,7028,21505.310546875
4723,7029,21713.2109375
4724,7030,21724.94921875
4725,7031,21807.5
4726,7034,21761.650390625
4727,7035,21802.58984375
4728,7036,21687.5703125
4729,7037,21711.380859375
4730,7038,21870.560546875
4731,7041,22169.109375
4732,7042,22221.66015625
4733,7043,22277.970703125
4734,7044,22090.119140625
4735,7045,22200.560546875
4736,7048,22217.900390625
4737,7049,22259.740234375
4738,7050,22200.0
4739,7051,22307.580078125
4740,7052,22258.73046875
4741,7063,21923.720703125
4742,7064,21602.58984375
4743,7065,21402.130859375
4744,7066,21344.919921875
4745,7069,21191.279296875
4746,7070,21067.23046875
4747,7071,21188.560546875
4748,7072,21062.98046875
4749,7073,21250.08984375
4750,7076,21301.73046875
4751,7077,21272.44921875
4752,7078,21283.369140625
4753,7079,21151.140625
4754,7080,21117.220703125
4755,7083,21182.580078125
4756,7084,21260.140625
4757,7085,21003.369140625
4758,7086,20942.529296875
4759,7087,20601.189453125
4760,7090,20410.880859375
4761,7091,20408.5390625
4762,7092,20776.099609375
4763,7093,20774.0390625
4764,7094,20884.7109375
4765,7097,21134.419921875
4766,7098,21204.279296875
4767,7099,21129.720703125
4768,7100,21032.0
4769,7101,21116.890625
4770,7104,21124.0
4771,7105,20972.7109375
4772,7106,21333.869140625
4773,7107,21462.859375
4774,7108,21258.640625
4775,7111,21285.990234375
4776,7112,21193.810546875
4777,7113,21086.58984375
4778,7114,21338.169921875
4779,7115,21275.919921875
4780,7118,21729.970703125
4781,7119,21754.26953125
4782,7120,21638.16015625
4783,7121,21702.44921875
4784,7122,21746.380859375
4785,7125,21534.349609375
4786,7126,21565.150390625
4787,7127,21533.48046875
4788,7128,21643.529296875
4789,7129,21685.900390625
4790,7133,21535.25
4791,7134,21469.1796875
4792,7135,21046.240234375
4793,7136,21466.990234375
4794,7139,21416.7890625
4795,7140,21620.880859375
4796,7141,21709.5703125
4797,7142,21756.55078125
4798,7143,21658.150390625
4799,7146,21616.80078125
4800,7147,21709.310546875
4801,7148,21521.529296875
4802,7149,21540.990234375
4803,7150,21087.16015625
4804,7153,20720.2890625
4805,7154,20585.310546875
4806,7155,20516.560546875
4807,7156,20593.349609375
4808,7157,20684.8203125
4809,7161,20455.439453125
4810,7162,20655.130859375
4811,7163,20405.650390625
4812,7164,20418.810546875
4813,7167,20563.16015625
4814,7168,20677.220703125
4815,7169,20618.5703125
4816,7170,20628.009765625
4817,7171,20710.91015625
4818,7174,20261.0390625
4819,7175,20456.080078125
4820,7176,20479.419921875
4821,7177,20460.9296875
4822,7178,20704.369140625
4823,7181,20620.189453125
4824,7182,20625.16015625
4825,7183,20649.140625
4826,7184,21085.939453125
4827,7185,21199.5703125
4828,7188,21318.419921875
4829,7189,21392.099609375
4830,7190,21597.759765625
4831,7191,21759.609375
4832,7192,21988.2890625
4833,7196,22001.3203125
4834,7197,21960.7109375
4835,7198,22044.44921875
4836,7199,22079.08984375
4837,7203,22098.83984375
4838,7204,22020.150390625
4839,7205,22048.240234375
4840,7206,21878.900390625
4841,7209,21755.83984375
4842,7210,21885.240234375
4843,7211,21778.609375
4844,7212,21341.740234375
4845,7213,21410.19921875
4846,7216,21375.25
4847,7217,21587.779296875
4848,7218,21456.380859375
4849,7219,21551.98046875
4850,7220,21798.869140625
4851,7224,22207.2109375
4852,7225,22472.919921875
4853,7226,22451.859375
4854,7227,22492.6796875
4855,7230,22548.900390625
4856,7232,22625.380859375
4857,7233,22750.599609375
4858,7234,22799.810546875
4859,7237,22867.26953125
4860,7238,22974.130859375
4861,7239,22843.119140625
4862,7240,22927.0390625
4863,7241,22850.76953125
4864,7245,23251.990234375
4865,7246,23303.8203125
4866,7247,23330.3203125
4867,7248,23391.869140625
4868,7251,23331.83984375
4869,7252,23520.009765625
4870,7253,23319.869140625
4871,7254,23141.55078125
4872,7255,23303.3203125
4873,7258,23416.759765625
4874,7259,23292.650390625
4875,7260,23148.5703125
4876,7261,23038.580078125
4877,7262,23112.880859375
4878,7265,23292.810546875
4879,7266,23373.3203125
4880,7267,23437.76953125
4881,7268,23409.140625
4882,7269,23293.91015625
4883,7272,23529.5
4884,7273,23379.810546875
4885,7274,23135.23046875
4886,7275,23300.08984375
4887,7276,23354.400390625
4888,7279,23430.69921875
4889,7280,23410.189453125
4890,7281,23391.859375
4891,7282,23424.810546875
4892,7283,24023.099609375
4893,7286,23952.349609375
4894,7287,24066.119140625
4895,7288,23934.4296875
4896,7289,23864.849609375
4897,7290,23816.630859375
4898,7293,23821.109375
4899,7294,23830.580078125
4900,7295,23782.869140625
4901,7296,23924.919921875
4902,7297,23837.720703125
4903,7300,23656.619140625
4904,7307,23204.859375
4905,7308,23575.720703125
4906,7309,23204.759765625
4907,7310,23739.869140625
4908,7311,23850.5703125
4909,7315,24025.169921875
4910,7316,23916.580078125
4911,7317,23933.130859375
4912,7318,24041.259765625
4913,7321,24083.509765625
4914,7322,23864.560546875
4915,7323,24031.349609375
4916,7324,23795.439453125
4917,7325,23827.1796875
4918,7328,23343.509765625
4919,7329,23215.7109375
4920,7330,23379.400390625
4921,7331,22977.75
4922,7332,23205.1796875
4923,7335,22971.939453125
4924,7336,23084.58984375
4925,7337,23319.560546875
4926,7338,23873.58984375
4927,7339,23827.98046875
4928,7342,23685.98046875
4929,7344,23861.2109375
4930,7345,23827.73046875
4931,7346,23687.58984375
4932,7349,23523.240234375
4933,7350,23193.80078125
4934,7351,23400.69921875
4935,7352,23479.150390625
4936,7353,23386.740234375
4937,7357,22605.41015625
4938,7358,22426.189453125
4939,7359,21948.23046875
4940,7360,21142.9609375
4941,7363,21344.080078125
4942,7364,21082.73046875
4943,7365,21100.060546875
4944,7366,21329.119140625
4945,7367,20749.75
4946,7370,19698.759765625
4947,7371,19867.119140625
4948,7372,19416.060546875
4949,7373,18559.630859375
4950,7374,17431.05078125
4951,7377,17002.0390625
4952,7378,17011.529296875
4953,7379,16726.55078125
4954,7380,16552.830078125
4955,7384,16887.779296875
4956,7385,18092.349609375
4957,7386,19546.630859375
4958,7387,18664.599609375
4959,7388,19389.4296875
4960,7391,19084.970703125
4961,7392,18917.009765625
4962,7393,18065.41015625
4963,7394,17818.720703125
4964,7395,17820.189453125
4965,7398,18576.30078125
4966,7399,18950.1796875
4967,7400,19353.240234375
4968,7401,19345.76953125
4969,7402,19498.5
4970,7405,19043.400390625
4971,7406,19638.810546875
4972,7407,19550.08984375
4973,7408,19290.19921875
4974,7409,19897.259765625
4975,7412,19669.119140625
4976,7413,19280.779296875
4977,7414,19137.94921875
4978,7415,19429.439453125
4979,7416,19262.0
4980,7419,19783.220703125
4981,7420,19771.189453125
4982,7422,20193.689453125
4983,7423,19619.349609375
4984,7429,19674.76953125
4985,7430,20179.08984375
4986,7433,20390.66015625
4987,7434,20366.48046875
4988,7435,20267.05078125
4989,7436,19914.779296875
4990,7437,20037.470703125
4991,7440,20133.73046875
4992,7441,20433.44921875
4993,7442,20595.150390625
4994,7443,20552.310546875
4995,7444,20388.16015625
4996,7447,20741.650390625
4997,7448,21271.169921875
4998,7449,21419.23046875
4999,7450,21916.310546875
5000,7451,21877.890625
5001,7454,22062.390625
5002,7455,22325.609375
5003,7456,22613.759765625
5004,7457,22695.740234375
5005,7458,22863.73046875
5006,7461,23178.099609375
5007,7462,23091.029296875
5008,7463,23124.94921875
5009,7464,22472.91015625
5010,7465,22305.48046875
5011,7468,21530.94921875
5012,7469,22582.2109375
5013,7470,22455.759765625
5014,7471,22355.4609375
5015,7472,22478.7890625
5016,7475,22437.26953125
5017,7476,22549.05078125
5018,7477,22534.3203125
5019,7478,22259.7890625
5020,7479,22512.080078125
5021,7482,21995.0390625
5022,7483,22288.140625
5023,7484,22121.73046875
5024,7485,22145.9609375
5025,7486,22306.48046875
5026,7489,22714.439453125
5027,7490,22614.689453125
5028,7491,22438.650390625
5029,7492,22529.2890625
5030,7493,22290.810546875
5031,7496,22784.740234375
5032,7497,22587.009765625
5033,7498,22945.5
5034,7499,22770.359375
5035,7500,22696.419921875
5036,7503,22717.48046875
5037,7504,22884.220703125
5038,7505,22751.609375
5039,7510,22715.849609375
5040,7511,22657.380859375
5041,7512,22397.109375
5042,7513,22339.23046875
5043,7514,21710.0
5044,7517,22195.380859375
5045,7518,22573.66015625
5046,7519,22514.849609375
5047,7520,22418.150390625
5048,7521,22329.939453125
5049,7525,22750.240234375
5050,7526,22843.9609375
5051,7527,23249.609375
5052,7528,23289.359375
5053,7531,23096.75
5054,7532,23051.080078125
5055,7533,23110.609375
5056,7534,22880.619140625
5057,7535,22920.30078125
5058,7538,22985.509765625
5059,7539,23296.76953125
5060,7540,23290.859375
5061,7541,23208.859375
5062,7542,22882.650390625
5063,7545,23139.759765625
5064,7546,23138.0703125
5065,7547,23247.150390625
5066,7548,23465.529296875
5067,7549,23205.4296875
5068,7552,23089.94921875
5069,7553,23274.130859375
5070,7554,23032.5390625
5071,7555,23235.470703125
5072,7556,23406.490234375
5073,7559,23559.30078125
5074,7560,23454.890625
5075,7561,23475.529296875
5076,7562,23319.369140625
5077,7563,23360.30078125
5078,7568,23346.490234375
5079,7569,23087.8203125
5080,7570,23204.619140625
5081,7573,23511.619140625
5082,7574,23539.099609375
5083,7575,23185.119140625
5084,7577,23029.900390625
5085,7580,23312.140625
5086,7581,23433.73046875
5087,7582,23422.8203125
5088,7583,23647.0703125
5089,7584,23619.689453125
5090,7587,23558.689453125
5091,7588,23601.779296875
5092,7589,23626.73046875
5093,7590,23507.23046875
5094,7591,23410.630859375
5095,7594,23671.130859375
5096,7595,23567.0390625
5097,7596,23639.4609375
5098,7597,23474.26953125
5099,7598,23516.58984375
5100,7601,23494.33984375
5101,7602,23485.80078125
5102,7603,23418.509765625
5103,7604,23331.939453125
5104,7605,22977.130859375
5105,7608,23295.48046875
5106,7610,23695.23046875
5107,7611,24105.279296875
5108,7612,24325.23046875
5109,7615,24839.83984375
5110,7616,24905.58984375
5111,7617,25349.599609375
5112,7618,25520.880859375
5113,7619,25385.869140625
5114,7622,25906.9296875
5115,7623,26014.619140625
5116,7624,25728.140625
5117,7625,25634.33984375
5118,7626,25527.369140625
5119,7630,26165.58984375
5120,7631,26296.859375
5121,7632,26537.310546875
5122,7633,26644.7109375
5123,7636,26433.619140625
5124,7637,26787.5390625
5125,7638,26800.98046875
5126,7639,26809.369140625
5127,7640,26751.240234375
5128,7643,26547.439453125
5129,7644,26467.080078125
5130,7645,26817.939453125
5131,7646,26756.240234375
5132,7647,26652.51953125
5133,7650,26732.439453125
5134,7651,26687.83984375
5135,7652,26757.400390625
5136,7653,26806.669921875
5137,7654,26763.390625
5138,7657,26714.419921875
5139,7658,26436.390625
5140,7659,26524.7890625
5141,7660,26668.349609375
5142,7661,26656.609375
5143,7664,26854.029296875
5144,7665,27568.150390625
5145,7666,27444.169921875
5146,7671,27258.380859375
5147,7672,27158.630859375
5148,7673,27055.939453125
5149,7674,27490.130859375
5150,7675,28139.029296875
5151,7679,28164.33984375
5152,7680,28456.58984375
5153,7681,28698.259765625
5154,7682,28519.1796875
5155,7685,28242.2109375
5156,7686,28633.4609375
5157,7687,28523.259765625
5158,7688,28756.859375
5159,7689,28631.44921875
5160,7692,28822.2890625
5161,7693,28546.1796875
5162,7694,28635.2109375
5163,7695,28197.419921875
5164,7696,27663.390625
5165,7699,28091.05078125
5166,7700,28362.169921875
5167,7701,28646.5
5168,7702,28341.94921875
5169,7703,28779.189453125
5170,7706,29388.5
5171,7707,29505.9296875
5172,7708,29562.9296875
5173,7710,29520.0703125
5174,7713,30084.150390625
5175,7714,30467.75
5176,7715,30292.189453125
5177,7716,30236.08984375
5178,7717,30017.919921875
5179,7720,30156.029296875
5180,7722,29671.69921875
5181,7723,30168.26953125
5182,7724,28966.009765625
5183,7727,29663.5
5184,7728,29408.169921875
5185,7729,29559.099609375
5186,7730,28930.109375
5187,7731,28864.3203125
5188,7734,28743.25
5189,7735,29027.939453125
5190,7736,29036.560546875
5191,7737,29211.640625
5192,7738,29717.830078125
5193,7741,29766.970703125
5194,7742,29921.08984375
5195,7743,29914.330078125
5196,7744,30216.75
5197,7745,29792.05078125
5198,7748,29174.150390625
5199,7749,28995.919921875
5200,7750,28405.51953125
5201,7751,28729.880859375
5202,7752,29176.69921875
5203,7755,29384.51953125
5204,7756,29432.69921875
5205,7757,29178.80078125
5206,7758,29388.869140625
5207,7759,29854.0
5208,7762,30089.25
5209,7763,29696.630859375
5210,7764,29730.7890625
5211,7765,29708.98046875
5212,7766,29768.060546875
5213,7769,29538.73046875
5214,7770,29751.609375
5215,7771,29620.990234375
5216,7772,29642.689453125
5217,7773,29683.369140625
5218,7776,29685.369140625
5219,7777,29100.380859375
5220,7778,28508.55078125
5221,7779,29188.169921875
5222,7780,29020.630859375
5223,7783,29126.23046875
5224,7784,28991.890625
5225,7785,29053.970703125
5226,7787,28812.630859375
5227,7793,29331.369140625
5228,7794,29357.8203125
5229,7797,29518.33984375
5230,7798,28608.58984375
5231,7799,28147.509765625
5232,7800,27448.009765625
5233,7801,28084.470703125
5234,7804,27824.830078125
5235,7805,28406.83984375
5236,7806,28044.44921875
5237,7807,28098.25
5238,7808,28317.830078125
5239,7811,28364.609375
5240,7812,28553.98046875
5241,7813,28642.189453125
5242,7814,28549.009765625
5243,7815,29149.41015625
5244,7818,28860.080078125
5245,7819,28814.33984375
5246,7820,28946.140625
5247,7821,29058.109375
5248,7822,28941.51953125
5249,7825,29019.240234375
5250,7826,28963.560546875
5251,7827,28860.80078125
5252,7828,28958.560546875
5253,7829,28948.73046875
5254,7832,29161.80078125
5255,7833,29441.30078125
5256,7834,29291.009765625
5257,7835,29018.330078125
5258,7836,28964.080078125
5259,7839,28010.9296875
5260,7840,28884.130859375
5261,7841,28874.890625
5262,7842,28875.23046875
5263,7843,29066.1796875
5264,7846,29048.01953125
5265,7847,28812.609375
5266,7848,28791.529296875
5267,7849,28707.0390625
5268,7850,28783.279296875
5269,7853,28598.189453125
5270,7854,28643.2109375
5271,7855,28366.94921875
5272,7856,28118.029296875
5273,7857,27940.419921875
5274,7860,28569.01953125
5275,7861,28718.240234375
5276,7862,28608.490234375
5277,7863,28279.08984375
5278,7864,28003.080078125
5279,7867,27652.740234375
5280,7868,27388.16015625
5281,7869,27548.0
5282,7874,27833.2890625
5283,7875,27970.220703125
5284,7876,27581.66015625
5285,7877,27782.419921875
5286,7878,27283.58984375
5287,7881,27781.01953125
5288,7882,27641.830078125
5289,7883,27584.080078125
5290,7884,27728.119140625
5291,7885,27820.0390625
5292,7889,27888.150390625
5293,7890,28070.509765625
5294,7891,28015.01953125
5295,7892,27977.150390625
5296,7895,27523.189453125
5297,7896,27424.470703125
5298,7897,27585.91015625
5299,7898,27281.169921875
5300,7899,27013.25
5301,7902,27494.240234375
5302,7903,27732.099609375
5303,7904,27724.80078125
5304,7905,27742.2890625
5305,7906,27641.140625
5306,7909,27789.2890625
5307,7910,28089.5390625
5308,7911,28451.01953125
5309,7912,28543.509765625
5310,7913,29128.109375
5311,7916,29659.890625
5312,7917,29916.140625
5313,7918,30181.2109375
5314,7919,30008.189453125
5315,7920,30381.83984375
5316,7923,30447.369140625
5317,7924,30670.099609375
5318,7925,30511.7109375
5319,7926,30323.33984375
5320,7927,30500.05078125
5321,7931,29839.7109375
5322,7932,29639.400390625
5323,7934,30248.810546875
5324,7937,30240.060546875
5325,7938,30183.9609375
5326,7939,29544.2890625
5327,7940,29452.66015625
5328,7941,28771.0703125
5329,7944,28444.890625
5330,7945,27822.119140625
5331,7946,27528.869140625
5332,7947,27678.2109375
5333,7948,28048.939453125
5334,7951,28498.19921875
5335,7952,28230.609375
5336,7953,28140.279296875
5337,7954,28550.9296875
5338,7955,29068.630859375
5339,7958,29025.4609375
5340,7959,29215.51953125
5341,7960,29255.55078125
5342,7961,28708.580078125
5343,7962,28804.849609375
5344,7965,28600.41015625
5345,7966,29106.009765625
5346,7967,29098.240234375
5347,7968,28820.08984375
5348,7969,28892.689453125
5349,7972,29647.080078125
5350,7973,29520.900390625
5351,7975,29794.369140625
5352,7976,29611.5703125
5353,7979,29507.05078125
5354,7980,29285.4609375
5355,7981,29106.779296875
5356,7982,29277.859375
5357,7983,29609.970703125
5358,7986,29776.80078125
5359,7987,29808.119140625
5360,7988,29688.330078125
5361,7989,29598.66015625
5362,7990,29745.869140625
5363,7993,29774.109375
5364,7995,29302.66015625
5365,7996,29499.279296875
5366,7997,28751.619140625
5367,8000,28283.919921875
5368,8001,27821.759765625
5369,8002,27935.619140625
5370,8003,27753.369140625
5371,8004,28029.5703125
5372,8007,27927.369140625
5373,8008,28455.599609375
5374,8009,28860.619140625
5375,8010,28725.470703125
5376,8011,28437.76953125
5377,8014,28640.490234375
5378,8015,28432.640625
5379,8016,28459.720703125
5380,8017,29066.3203125
5381,8018,28545.6796875
5382,8021,27937.810546875
5383,8022,28517.58984375
5384,8023,28562.2109375
5385,8024,28798.369140625
5386,8025,28782.58984375
5387,8028,28676.4609375
5388,8029,29069.16015625
5389,8030,28906.880859375
5390,8031,28791.7109375
5391,8036,29301.7890625
5392,8037,29332.16015625
5393,8038,28487.869140625
5394,8039,28478.560546875
5395,8043,28222.48046875
5396,8044,28765.66015625
5397,8045,28489.130859375
5398,8046,28124.279296875
5399,8049,28333.51953125
5400,8050,28257.25
5401,8051,27467.23046875
5402,8052,27772.9296875
5403,8053,27522.259765625
5404,8056,27588.369140625
5405,8057,27131.33984375
5406,8058,27011.330078125
5407,8059,26170.30078125
5408,8060,26717.33984375
5409,8063,27001.98046875
5410,8064,27078.48046875
5411,8065,27533.599609375
5412,8066,27241.310546875
5413,8067,27439.990234375
5414,8070,27248.869140625
5415,8071,27284.51953125
5416,8072,27579.869140625
5417,8073,27696.080078125
5418,8077,27079.58984375
5419,8078,26865.189453125
5420,8079,27460.400390625
5421,8080,27232.869140625
5422,8081,27122.0703125
5423,8084,26910.869140625
5424,8085,26449.609375
5425,8087,25970.8203125
5426,8088,26476.5
5427,8091,26526.8203125
5428,8092,26844.720703125
5429,8093,26393.029296875
5430,8094,26577.26953125
5431,8095,25985.470703125
5432,8098,25221.41015625
5433,8099,24790.94921875
5434,8100,24717.529296875
5435,8101,25690.400390625
5436,8102,25162.779296875
5437,8105,25307.849609375
5438,8106,25346.48046875
5439,8107,25762.009765625
5440,8108,26652.890625
5441,8109,26827.4296875
5442,8113,27224.109375
5443,8114,28040.16015625
5444,8115,28110.390625
5445,8116,28149.83984375
5446,8119,27943.890625
5447,8120,28252.419921875
5448,8121,28027.25
5449,8122,27821.4296875
5450,8123,27665.98046875
5451,8126,27736.470703125
5452,8127,27787.98046875
5453,8128,27350.30078125
5454,8129,26888.5703125
5455,8130,26985.80078125
5456,8133,26821.51953125
5457,8134,26334.98046875
5458,8135,26843.490234375
5459,8136,27172.0
5460,8137,27093.189453125
5461,8140,26799.7109375
5462,8141,26985.08984375
5463,8142,27217.849609375
5464,8143,27553.060546875
5465,8144,27105.259765625
5466,8147,26590.779296875
5467,8148,26700.109375
5468,8149,26386.630859375
5469,8150,26847.900390625
5470,8154,26818.529296875
5471,8158,27003.560546875
5472,8161,26319.33984375
5473,8162,26167.099609375
5474,8163,26213.640625
5475,8164,25748.720703125
5476,8165,26427.650390625
5477,8168,26547.05078125
5478,8169,26659.75
5479,8170,26911.19921875
5480,8171,26402.83984375
5481,8172,26739.029296875
5482,8175,27001.51953125
5483,8176,26748.140625
5484,8177,26677.80078125
5485,8178,26604.83984375
5486,8179,26781.6796875
5487,8182,27369.4296875
5488,8183,27279.80078125
5489,8184,27457.890625
5490,8185,27413.880859375
5491,8186,27761.5703125
5492,8189,27915.890625
5493,8190,27943.94921875
5494,8191,28234.2890625
5495,8192,28246.529296875
5496,8193,27824.2890625
5497,8196,26987.439453125
5498,8197,26629.859375
5499,8198,26326.16015625
5500,8199,26431.19921875
5501,8200,25963.0
5502,8203,25771.220703125
5503,8204,26246.310546875
5504,8205,26149.55078125
5505,8206,26171.25
5506,8207,26491.970703125
5507,8210,26871.26953125
5508,8211,27049.470703125
5509,8212,26804.599609375
5510,8213,26393.0390625
5511,8214,25935.619140625
5512,8217,26153.810546875
5513,8218,26423.470703125
5514,8219,26107.650390625
5515,8220,26490.529296875
5516,8221,26517.189453125
5517,8224,26812.30078125
5518,8225,26336.66015625
5519,8226,26478.76953125
5520,8227,26643.390625
5521,8228,26788.470703125
5522,8232,26961.6796875
5523,8233,27680.259765625
5524,8234,27803.0
5525,8235,27914.66015625
5526,8238,27699.25
5527,8239,27655.2109375
5528,8240,27715.75
5529,8241,27815.48046875
5530,8242,27801.640625
5531,8245,27993.349609375
5532,8246,27594.73046875
5533,8247,27741.900390625
5534,8248,27932.19921875
5535,8249,28175.869140625
5536,8252,28249.240234375
5537,8253,27999.9609375
5538,8254,27819.330078125
5539,8256,28546.98046875
5540,8259,28871.779296875
5541,8260,28868.91015625
5542,8261,29222.76953125
5543,8262,28942.140625
5544,8263,28930.330078125
5545,8266,28794.5
5546,8267,28452.75
5547,8268,28313.470703125
5548,8269,28479.009765625
5549,8270,28641.380859375
5550,8273,27878.9609375
5551,8274,28195.580078125
5552,8275,28091.529296875
5553,8276,27661.470703125
5554,8277,27650.83984375
5555,8280,27619.609375
5556,8281,27626.509765625
5557,8282,27430.30078125
5558,8283,28065.279296875
5559,8284,28214.75
5560,8287,28542.109375
5561,8288,28614.630859375
5562,8289,27818.619140625
5563,8290,27875.91015625
5564,8291,27567.650390625
5565,8295,27688.419921875
5566,8296,27313.130859375
5567,8297,27153.830078125
5568,8301,26431.55078125
5569,8302,26571.869140625
5570,8303,26173.98046875
5571,8304,26422.05078125
5572,8305,25937.2109375
5573,8308,26215.7890625
5574,8309,26992.2109375
5575,8310,27120.529296875
5576,8311,27311.30078125
5577,8312,27116.109375
5578,8316,26401.25
5579,8317,26396.830078125
5580,8318,26237.419921875
5581,8319,27090.759765625
5582,8322,26775.7890625
5583,8323,27156.140625
5584,8324,27257.380859375
5585,8325,27006.9609375
5586,8326,26890.580078125
5587,8329,26974.900390625
5588,8330,27250.279296875
5589,8331,27431.83984375
5590,8332,27345.240234375
5591,8333,27105.19921875
5592,8336,27587.4609375
5593,8337,27678.919921875
5594,8338,27663.390625
5595,8340,27199.740234375
5596,8343,27527.640625
5597,8344,27872.109375
5598,8345,27716.4296875
5599,8346,27446.099609375
5600,8347,28263.5703125
5601,8350,27963.470703125
5602,8351,27990.169921875
5603,8352,28028.30078125
5604,8353,27930.5703125
5605,8354,27899.76953125
5606,8357,27944.7890625
5607,8358,28115.740234375
5608,8360,28383.08984375
5609,8361,28283.029296875
5610,8364,28162.830078125
5611,8365,28027.83984375
5612,8366,27968.990234375
5613,8367,28226.080078125
5614,8368,27777.900390625
5615,8371,27820.400390625
5616,8372,27885.869140625
5617,8373,27686.400390625
5618,8374,27574.4296875
5619,8375,27901.009765625
5620,8378,27842.330078125
5621,8379,27954.849609375
5622,8380,28156.2109375
5623,8381,28051.69921875
5624,8382,27527.119140625
5625,8385,27237.640625
5626,8386,26568.029296875
5627,8387,26387.720703125
5628,8388,26507.869140625
5629,8389,26235.25
5630,8392,26405.869140625
5631,8393,26447.869140625
5632,8394,26340.5
5633,8395,26093.669921875
5634,8396,26094.5
5635,8401,25716.859375
5636,8402,25820.80078125
5637,8403,25973.849609375
5638,8407,26175.560546875
5639,8408,26446.0
5640,8409,26449.8203125
5641,8410,26119.51953125
5642,8413,25822.3203125
5643,8414,26138.6796875
5644,8415,26791.119140625
5645,8416,26405.23046875
5646,8417,26553.529296875
5647,8420,26906.0390625
5648,8421,27299.189453125
5649,8422,27395.009765625
5650,8423,27362.75
5651,8424,27382.560546875
5652,8427,27433.400390625
5653,8428,27327.109375
5654,8429,27346.880859375
5655,8430,27402.05078125
5656,8431,27509.4609375
5657,8434,27693.650390625
5658,8435,27685.470703125
5659,8436,27606.4609375
5660,8437,27584.349609375
5661,8438,27670.98046875
5662,8441,27427.3203125
5663,8442,27602.76953125
5664,8443,27501.859375
5665,8444,27696.439453125
5666,8445,27513.130859375
5667,8448,27531.939453125
5668,8449,27473.099609375
5669,8450,27104.3203125
5670,8452,27453.48046875
5671,8455,27423.9609375
5672,8456,27445.560546875
5673,8457,27516.529296875
5674,8458,27498.869140625
5675,8459,27927.470703125
5676,8462,28237.779296875
5677,8463,28309.16015625
5678,8464,28444.189453125
5679,8465,28623.150390625
5680,8466,28143.970703125
5681,8469,27832.9609375
5682,8470,27222.0390625
5683,8471,27229.48046875
5684,8472,27010.609375
5685,8473,27333.7890625
5686,8476,26945.669921875
5687,8478,27466.609375
5688,8479,27419.609375
5689,8480,27385.25
5690,8483,27476.869140625
5691,8484,27518.25
5692,8485,27883.779296875
5693,8486,27782.9296875
5694,8487,28041.48046875
5695,8490,28188.150390625
5696,8491,28287.419921875
5697,8492,27813.259765625
5698,8493,27472.630859375
5699,8494,27518.310546875
5700,8497,27633.66015625
5701,8498,27923.369140625
5702,8499,28082.69921875
5703,8500,28156.970703125
5704,8501,28493.470703125
5705,8504,28514.779296875
5706,8505,28658.830078125
5707,8506,28606.759765625
5708,8507,28657.5703125
5709,8508,28564.369140625
5710,8511,28593.51953125
5711,8512,28620.0703125
5712,8513,28416.470703125
5713,8514,28457.6796875
5714,8515,28856.439453125
5715,8518,29123.1796875
5716,8519,29157.94921875
5717,8525,28949.880859375
5718,8526,29242.8203125
5719,8527,29122.1796875
5720,8528,29126.720703125
5721,8529,29388.30078125
5722,8532,29626.33984375
5723,8533,29842.990234375
5724,8534,30093.58984375
5725,8535,30573.9296875
5726,8536,30808.349609375
5727,8539,31086.8203125
5728,8540,30957.76953125
5729,8541,30682.6796875
5730,8542,30801.130859375
5731,8543,30916.310546875
5732,8546,31233.5390625
5733,8547,31328.16015625
5734,8548,30887.880859375
5735,8549,31148.009765625
5736,8550,31524.220703125
5737,8553,32217.4296875
5738,8554,32506.779296875
5739,8555,31913.740234375
5740,8556,31641.26953125
5741,8557,32265.169921875
5742,8560,32434.0
5743,8561,33018.6484375
5744,8562,33502.421875
5745,8563,33485.48828125
5746,8564,33706.078125
5747,8567,33370.421875
5748,8568,33388.91015625
5749,8569,33575.140625
5750,8570,33264.87890625
5751,8571,32781.5390625
5752,8574,32698.810546875
5753,8575,32538.330078125
5754,8576,33193.98828125
5755,8577,33234.140625
5756,8578,33189.0390625
5757,8581,33753.328125
5758,8582,33422.51953125
5759,8583,33338.69921875
5760,8584,32773.01953125
5761,8585,32388.419921875
5762,8588,32189.73046875
5763,8589,32203.5703125
5764,8590,31943.9296875
5765,8591,32419.330078125
5766,8592,32391.259765625
5767,8596,32493.890625
5768,8597,32896.03125
5769,8598,32490.51953125
5770,8599,32304.25
5771,8602,32700.939453125
5772,8603,32682.509765625
5773,8604,32668.33984375
5774,8605,32891.16015625
5775,8606,32759.23046875
5776,8609,33172.21875
5777,8610,33476.578125
5778,8611,32707.689453125
5779,8612,32159.279296875
5780,8613,32192.75
5781,8616,32254.560546875
5782,8617,32377.2890625
5783,8618,32204.330078125
5784,8619,32473.650390625
5785,8623,32059.91015625
5786,8624,32238.890625
5787,8625,31766.8203125
5788,8626,31626.0
5789,8627,31450.759765625
5790,8630,31565.640625
5791,8631,31856.7109375
5792,8632,32010.259765625
5793,8633,32287.2109375
5794,8634,31624.279296875
5795,8637,32169.990234375
5796,8638,32226.970703125
5797,8639,32333.4609375
5798,8640,32619.33984375
5799,8641,32710.619140625
5800,8644,32939.1796875
5801,8645,33036.76171875
5802,8646,33241.01953125
5803,8647,32991.078125
5804,8648,32606.83984375
5805,8651,32467.759765625
5806,8652,32776.37109375
5807,8653,32706.51953125
5808,8654,33168.1015625
5809,8655,33533.08984375
5810,8659,33242.58984375
5811,8660,33023.78125
5812,8661,32571.029296875
5813,8662,32402.41015625
5814,8665,32678.619140625
5815,8666,32315.05078125
5816,8667,32371.900390625
5817,8668,31872.51953125
5818,8669,31857.619140625
5819,8672,31759.880859375
5820,8673,31237.939453125
5821,8674,30526.880859375
5822,8675,31075.359375
5823,8676,30994.669921875
5824,8680,31746.529296875
5825,8681,31936.509765625
5826,8682,32494.66015625
5827,8683,32315.990234375
5828,8686,31659.029296875
5829,8687,32040.2890625
5830,8688,32042.25
5831,8689,31430.619140625
5832,8690,31259.359375
5833,8693,30999.55078125
5834,8694,31062.349609375
5835,8695,31269.919921875
5836,8696,30601.779296875
5837,8697,30991.689453125
5838,8700,30696.9609375
5839,8701,30858.849609375
5840,8702,31601.650390625
5841,8703,31949.890625
5842,8707,32708.48046875
5843,8708,32271.8203125
5844,8709,32166.48046875
5845,8710,32646.4609375
5846,8711,32568.109375
5847,8714,32585.109375
5848,8715,32695.9296875
5849,8716,33519.69921875
5850,8717,33424.41015625
5851,8718,33585.19921875
5852,8721,33388.03125
5853,8722,33354.140625
5854,8723,33451.828125
5855,8725,33625.53125
5856,8728,33447.671875
5857,8729,33408.390625
5858,8730,33321.21875
5859,8731,33486.890625
5860,8732,33431.51171875
5861,8735,33231.26953125
5862,8736,32775.8203125
5863,8737,33445.8984375
5864,8738,32858.30859375
5865,8739,32307.859375
5866,8742,32791.80078125
5867,8743,32843.69921875
5868,8744,32926.3515625
5869,8745,32686.25
5870,8746,32970.55078125
5871,8749,32758.98046875
5872,8750,33219.390625
5873,8751,33675.94140625
5874,8752,33140.46875
5875,8753,33169.05078125
5876,8756,33254.03125
5877,8757,33305.8515625
5878,8758,33681.23828125
5879,8759,33539.62109375
5880,8760,33464.171875
5881,8766,33288.2890625
5882,8767,33377.421875
5883,8771,33763.1796875
5884,8772,34441.71875
5885,8773,35049.859375
5886,8774,35577.109375
5887,8777,35901.7890625
5888,8778,35619.1796875
5889,8779,35477.75
5890,8780,35466.171875
5891,8781,35963.26953125
5892,8784,36546.94921875
5893,8785,36517.5703125
5894,8786,36226.48046875
5895,8787,36236.46875
5896,8788,35751.0703125
5897,8791,36026.94140625
5898,8792,36065.859375
5899,8793,36286.7109375
5900,8794,36011.4609375
5901,8795,36158.01953125
5902,8798,36354.16015625
5903,8799,36160.66015625
5904,8800,36119.921875
5905,8801,36863.28125
5906,8802,36897.421875
5907,8806,37963.96875
5908,8807,37703.3203125
5909,8808,38157.94140625
5910,8809,38487.23828125
5911,8812,38470.37890625
5912,8813,38363.609375
5913,8814,38262.16015625
5914,8815,39098.6796875
5915,8819,39233.7109375
5916,8820,39239.51953125
5917,8821,39208.03125
5918,8822,39166.19140625
5919,8823,39910.8203125
5920,8826,40109.23046875
5921,8827,40097.62890625
5922,8828,40090.78125
5923,8829,39598.7109375
5924,8830,39688.94140625
5925,8833,38820.48828125
5926,8834,38797.51171875
5927,8835,38695.96875
5928,8836,38807.37890625
5929,8837,38707.640625
5930,8840,39740.44140625
5931,8841,40003.6015625
5932,8843,40815.66015625
5933,8844,40888.4296875
5934,8847,40414.12109375
5935,8848,40398.03125
5936,8849,40762.73046875
5937,8850,40168.0703125
5938,8851,40369.44140625
5939,8854,39803.08984375
5940,8855,39838.91015625
5941,8856,39451.8515625
5942,8857,39773.140625
5943,8858,38992.078125
5944,8861,39347.0390625
5945,8862,39773.12890625
5946,8863,39581.80859375
5947,8864,39442.62890625
5948,8865,39523.55078125
5949,8868,39232.80078125
5950,8869,38471.19921875
5951,8870,37961.80078125
5952,8871,38079.69921875
5953,8872,37068.3515625
5954,8875,37438.609375
5955,8876,37552.16015625
5956,8877,38460.078125
5957,8878,37628.48046875
5958,8879,37934.76171875
5959,8883,38405.66015625
5960,8884,38274.05078125
5961,8885,38236.0703125
5962,8890,38835.1015625
5963,8891,38202.37109375
5964,8892,38073.98046875
5965,8893,38229.109375
5966,8896,38179.4609375
5967,8897,38356.05859375
5968,8898,38385.73046875
5969,8899,38920.26171875
5970,8900,38787.37890625
5971,8903,39069.6796875
5972,8904,38946.9296875
5973,8905,38617.1015625
5974,8906,39103.21875
5975,8907,38646.109375
5976,8910,38900.01953125
5977,8911,38855.37109375
5978,8912,38556.87109375
5979,8913,38054.12890625
5980,8914,38487.8984375
5981,8917,38923.03125
5982,8918,38837.4609375
5983,8919,38490.171875
5984,8920,38703.51171875
5985,8921,38683.9296875
5986,8924,39038.16015625
5987,8925,39134.7890625
5988,8926,38876.7109375
5989,8927,38720.46875
5990,8928,38814.55859375
5991,8931,38102.44140625
5992,8932,38482.109375
5993,8933,38570.76171875
5994,8934,38633.01953125
5995,8935,38596.46875
5996,8938,38804.6484375
5997,8939,39173.1484375
5998,8940,39667.0703125
5999,8941,39341.5390625
6000,8942,39583.078125
6001,8945,39631.05859375
6002,8946,40074.69140625
6003,8947,40580.76171875
6004,8948,40913.6484375
6005,8949,40912.37109375
6006,8952,40780.69921875
6007,8953,41580.171875
6008,8954,41831.98828125
6009,8955,42224.01953125
6010,8956,41190.6796875
6011,8960,41275.078125
6012,8961,41097.69140625
6013,8962,40126.3515625
6014,8963,40063.7890625
6015,8966,39599.0
6016,8967,39594.390625
6017,8968,39154.8515625
6018,8969,37869.51171875
6019,8970,37667.41015625
6020,8973,38468.62890625
6021,8974,38525.94921875
6022,8975,39101.8203125
6023,8976,38126.328125
6024,8977,35909.69921875
6025,8980,31458.419921875
6026,8981,34675.4609375
6027,8982,35089.62109375
6028,8983,34831.1484375
6029,8984,35025.0
6030,8988,36232.51171875
6031,8989,36442.4296875
6032,8990,36726.640625
6033,8991,38062.671875
6034,8994,37388.62109375
6035,8995,38062.921875
6036,8996,37951.80078125
6037,8997,38211.01171875
6038,8998,38364.26953125
6039,9001,38110.21875
6040,9002,38288.62109375
6041,9003,38371.76171875
6042,9004,38362.53125
6043,9005,38647.75
6044,9008,38700.87109375
6045,9009,38686.30859375
6046,9010,37047.609375
6047,9011,36657.08984375
6048,9012,36391.46875
6049,9015,36215.75
6050,9016,36159.16015625
6051,9017,35619.76953125
6052,9018,36833.26953125
6053,9019,36581.76171875
6054,9023,36203.21875
6055,9024,36380.171875
6056,9025,37155.328125
6057,9026,37723.91015625
6058,9030,37940.58984375
6059,9031,37870.26171875
6060,9032,38925.62890625
6061,9033,39829.55859375
6062,9036,37919.55078125
6063,9037,38651.96875
6064,9038,37808.76171875
6065,9039,38552.05859375
6066,9040,38635.62109375
6067,9043,39332.73828125
6068,9044,38937.5390625
6069,9045,39277.9609375
6070,9046,39380.890625
6071,9047,39605.80078125
6072,9051,39910.55078125
6073,9052,39180.30078125
6074,9053,38911.19140625
6075,9054,38981.75
6076,9057,38954.6015625
6077,9058,38411.9609375
6078,9059,38104.859375
6079,9060,38143.2890625
6080,9061,37913.921875
6081,9064,38605.53125
6082,9065,38903.6796875
6083,9066,39277.390625
6084,9067,39081.25
6085,9068,38053.671875
6086,9072,38474.8984375
6087,9073,39480.671875
6088,9074,39381.41015625
6089,9075,39500.37109375
6090,9078,39533.3203125
6091,9079,39376.08984375
6092,9080,38721.66015625
6093,9081,38535.69921875
6094,9082,38642.91015625
6095,9085,38220.8515625
6096,9086,38414.4296875
6097,9087,38352.33984375
6098,9088,38026.171875
6099,9089,38283.8515625
6100,9092,38780.140625
6101,9093,38442.0
6102,9094,38134.96875
6103,9095,38349.05859375
6104,9096,38208.03125
6105,9099,38513.01953125
6106,9100,39248.859375
6107,9101,39276.390625
6108,9102,39395.6015625
6109,9103,39091.171875
6110,9106,39160.5
6111,9107,39367.578125
6112,9108,39372.23046875
6113,9109,39849.140625
6114,9110,39470.44140625
6115,9113,39457.48828125
6116,9114,39364.6796875
6117,9115,39081.7109375
6118,9116,38813.578125
6119,9117,38701.8984375
6120,9120,39161.33984375
6121,9121,39036.8515625
6122,9122,39130.4296875
6123,9123,39568.05859375
6124,9124,40281.16015625
6125,9127,39894.5390625
6126,9134,39307.05078125
6127,9135,40083.30078125
6128,9136,39981.05859375
6129,9137,39605.08984375
6130,9138,39190.3984375
6131,9142,38474.30078125
6132,9143,38444.578125
6133,9144,38572.6015625
6134,9145,38451.4609375
6135,9148,38902.5
6136,9149,39027.98046875
6137,9150,39646.25
6138,9151,39958.87109375
6139,9152,39931.98046875
6140,9155,39565.80078125
6141,9156,39016.87109375
6142,9157,39414.78125
6143,9158,39513.96875
6144,9159,39572.48828125
6145,9162,38520.08984375
6146,9163,38798.37109375
6147,9164,38831.48046875
6148,9165,39066.53125
6149,9166,38787.01953125
6150,9169,38801.171875
6151,9171,38963.69921875
6152,9172,39461.46875
6153,9173,39149.4296875
6154,9176,39174.25
6155,9177,39270.3984375
6156,9178,39164.609375
6157,9179,38678.0390625
6158,9180,38776.94140625
6159,9184,38237.7890625
6160,9185,38142.37109375
6161,9186,38256.171875
6162,9187,37155.5
6163,9190,37785.46875
6164,9191,37331.1796875
6165,9192,37418.23828125
6166,9193,37704.9296875
6167,9194,36887.171875
6168,9197,37028.26953125
6169,9198,36793.109375
6170,9199,36819.08984375
6171,9200,36790.03125
6172,9201,37053.1015625
6173,9204,37396.51953125
6174,9205,37845.421875
6175,9206,37751.87890625
6176,9208,37677.05859375
6177,9211,37608.48828125
6178,9212,37780.5390625
6179,9213,38027.2890625
6180,9214,37799.96875
6181,9215,37120.328125
6182,9218,35617.55859375
6183,9219,35624.48046875
6184,9220,35725.87109375
6185,9221,34735.9296875
6186,9222,33780.578125
6187,9225,31136.580078125
6188,9226,33012.578125
6189,9227,31714.029296875
6190,9228,34609.0
6191,9229,33585.578125
6192,9232,33982.359375
6193,9233,34267.5390625
6194,9234,33920.3984375
6195,9235,34377.6015625
6196,9236,34730.28125
6197,9239,34279.921875
6198,9240,34220.6015625
6199,9241,34868.62890625
6200,9242,35039.1484375
6201,9243,35705.73828125
6202,9246,35839.98828125
6203,9248,36045.37890625
6204,9249,36452.30078125
6205,9250,36830.69140625
6206,9255,36779.66015625
6207,9256,36928.62890625
6208,9257,37503.328125
6209,9260,37644.26171875
6210,9261,38183.26171875
6211,9262,38128.12890625
6212,9263,37755.51171875
6213,9264,37753.71875
6214,9267,37498.62890625
6215,9268,37529.48828125
6216,9269,37298.98046875
6217,9270,36985.87109375
6218,9271,37160.46875
6219,9274,37531.53125
6220,9275,37724.109375
6221,9276,37722.3984375
6222,9277,38432.98046875
6223,9278,37965.1015625
6224,9281,37470.671875
6225,9282,37446.80859375
6226,9283,37747.44921875
6227,9284,37554.48828125
6228,9285,37741.609375
6229,9288,38088.5703125
6230,9289,38211.51171875
6231,9290,38421.19140625
6232,9291,38173.08984375
6233,9292,37834.25
6234,9295,38311.328125
6235,9296,38536.73828125
6236,9297,38885.1484375
6237,9298,38488.33984375
6238,9299,38403.23046875
6239,9302,38354.08984375
6240,9303,38790.55859375
6241,9304,38942.0703125
6242,9305,39584.578125
6243,9306,40150.7890625
6244,9309,40487.390625
