,Days,Index
0,0,1455.219970703125
1,1,1399.4200439453125
2,2,1402.1099853515625
3,3,1403.449951171875
4,4,1441.469970703125
5,7,1457.5999755859375
6,8,1438.56005859375
7,9,1432.25
8,10,1449.6800537109375
9,11,1465.1500244140625
10,15,1455.1400146484375
11,16,1455.9000244140625
12,17,1445.5699462890625
13,18,1441.3599853515625
14,21,1401.530029296875
15,22,1410.030029296875
16,23,1404.0899658203125
17,24,1398.56005859375
18,25,1360.1600341796875
19,28,1394.4599609375
20,29,1409.280029296875
21,30,1409.1199951171875
22,31,1424.969970703125
23,32,1424.3699951171875
24,35,1424.239990234375
25,36,1441.719970703125
26,37,1411.7099609375
27,38,1416.8299560546875
28,39,1387.1199951171875
29,42,1389.93994140625
30,43,1402.050048828125
31,44,1387.6700439453125
32,45,1388.260009765625
33,46,1346.0899658203125
34,50,1352.1700439453125
35,51,1360.68994140625
36,52,1353.4300537109375
37,53,1333.3599853515625
38,56,1348.050048828125
39,57,1366.4200439453125
40,58,1379.18994140625
41,59,1381.760009765625
42,60,1409.1700439453125
43,63,1391.280029296875
44,64,1355.6199951171875
45,65,1366.699951171875
46,66,1401.68994140625
47,67,1395.0699462890625
48,70,1383.6199951171875
49,71,1359.1500244140625
50,72,1392.1400146484375
51,73,1458.469970703125
52,74,1464.469970703125
53,77,1456.6300048828125
54,78,1493.8699951171875
55,79,1500.6400146484375
56,80,1527.3499755859375
57,81,1527.4599609375
58,84,1523.8599853515625
59,85,1507.72998046875
60,86,1508.52001953125
61,87,1487.9200439453125
62,88,1498.5799560546875
63,91,1505.969970703125
64,92,1494.72998046875
65,93,1487.3699951171875
66,94,1501.3399658203125
67,95,1516.3499755859375
68,98,1504.4599609375
69,99,1500.5899658203125
70,100,1467.1700439453125
71,101,1440.510009765625
72,102,1356.56005859375
73,105,1401.43994140625
74,106,1441.6099853515625
75,107,1427.469970703125
76,108,1434.5400390625
77,112,1429.8599853515625
78,113,1477.43994140625
79,114,1460.989990234375
80,115,1464.9200439453125
81,116,1452.4300537109375
82,119,1468.25
83,120,1446.2900390625
84,121,1415.0999755859375
85,122,1409.5699462890625
86,123,1432.6300048828125
87,126,1424.1700439453125
88,127,1412.1400146484375
89,128,1383.050048828125
90,129,1407.81005859375
91,130,1420.9599609375
92,133,1452.3599853515625
93,134,1466.0400390625
94,135,1447.800048828125
95,136,1437.2099609375
96,137,1406.949951171875
97,140,1400.719970703125
98,141,1373.8599853515625
99,142,1399.050048828125
100,143,1381.52001953125
101,144,1378.02001953125
102,148,1422.449951171875
103,149,1420.5999755859375
104,150,1448.81005859375
105,151,1477.260009765625
106,154,1467.6300048828125
107,155,1457.8399658203125
108,156,1471.3599853515625
109,157,1461.6700439453125
110,158,1456.949951171875
111,161,1446.0
112,162,1469.43994140625
113,163,1470.5400390625
114,164,1478.72998046875
115,165,1464.4599609375
116,168,1486.0
117,169,1475.949951171875
118,170,1479.1300048828125
119,171,1452.1800537109375
120,172,1441.47998046875
121,175,1455.31005859375
122,176,1450.550048828125
123,177,1454.8199462890625
124,178,1442.3900146484375
125,179,1454.5999755859375
126,182,1469.5400390625
127,184,1446.22998046875
128,185,1456.6700439453125
129,186,1478.9000244140625
130,189,1475.6199951171875
131,190,1480.8800048828125
132,191,1492.9200439453125
133,192,1495.8399658203125
134,193,1509.97998046875
135,196,1510.489990234375
136,197,1493.739990234375
137,198,1481.9599609375
138,199,1495.5699462890625
139,200,1480.18994140625
140,203,1464.2900390625
141,204,1474.469970703125
142,205,1452.4200439453125
143,206,1449.6199951171875
144,207,1419.8900146484375
145,210,1430.8299560546875
146,211,1438.0999755859375
147,212,1438.699951171875
148,213,1452.56005859375
149,214,1462.9300537109375
150,217,1479.3199462890625
151,218,1482.800048828125
152,219,1472.8699951171875
153,220,1460.25
154,221,1471.8399658203125
155,224,1491.56005859375
156,225,1484.4300537109375
157,226,1479.8499755859375
158,227,1496.0699462890625
159,228,1491.719970703125
160,231,1499.47998046875
161,232,1498.1300048828125
162,233,1505.969970703125
163,234,1508.31005859375
164,235,1506.449951171875
165,238,1514.0899658203125
166,239,1509.8399658203125
167,240,1502.5899658203125
168,241,1517.6800537109375
169,242,1520.77001953125
170,246,1507.0799560546875
171,247,1492.25
172,248,1502.510009765625
173,249,1494.5
174,252,1489.260009765625
175,253,1481.989990234375
176,254,1484.9100341796875
177,255,1480.8699951171875
178,256,1465.81005859375
179,259,1444.510009765625
180,260,1459.9000244140625
181,261,1451.3399658203125
182,262,1449.050048828125
183,263,1448.719970703125
184,266,1439.030029296875
185,267,1427.2099609375
186,268,1426.5699462890625
187,269,1458.2900390625
188,270,1436.510009765625
189,273,1436.22998046875
190,274,1426.4599609375
191,275,1434.3199462890625
192,276,1436.280029296875
193,277,1408.989990234375
194,280,1402.030029296875
195,281,1387.02001953125
196,282,1364.5899658203125
197,283,1329.780029296875
198,284,1374.1700439453125
199,287,1374.6199951171875
200,288,1349.969970703125
201,289,1342.1300048828125
202,290,1388.760009765625
203,291,1396.9300537109375
204,294,1395.780029296875
205,295,1398.1300048828125
206,296,1364.9000244140625
207,297,1364.43994140625
208,298,1379.5799560546875
209,301,1398.6600341796875
210,302,1429.4000244140625
211,303,1421.219970703125
212,304,1428.3199462890625
213,305,1426.68994140625
214,308,1432.18994140625
215,309,1431.8699951171875
216,310,1409.280029296875
217,311,1400.1400146484375
218,312,1365.97998046875
219,315,1351.260009765625
220,316,1382.949951171875
221,317,1389.81005859375
222,318,1372.3199462890625
223,319,1367.719970703125
224,322,1342.6199951171875
225,323,1347.3499755859375
226,324,1322.3599853515625
227,326,1341.77001953125
228,329,1348.969970703125
229,330,1336.0899658203125
230,331,1341.9300537109375
231,332,1314.949951171875
232,333,1315.22998046875
233,336,1324.969970703125
234,337,1376.5400390625
235,338,1351.4599609375
236,339,1343.550048828125
237,340,1369.8900146484375
238,343,1380.199951171875
239,344,1371.1800537109375
240,345,1359.989990234375
241,346,1340.9300537109375
242,347,1312.1500244140625
243,350,1322.739990234375
244,351,1305.5999755859375
245,352,1264.739990234375
246,353,1274.8599853515625
247,354,1305.949951171875
248,358,1315.18994140625
249,359,1328.9200439453125
250,360,1334.219970703125
251,361,1320.280029296875
252,365,1283.27001953125
253,366,1347.56005859375
254,367,1333.3399658203125
255,368,1298.3499755859375
256,371,1295.8599853515625
257,372,1300.800048828125
258,373,1313.27001953125
259,374,1326.8199462890625
260,375,1318.550048828125
261,379,1326.6500244140625
262,380,1329.469970703125
263,381,1347.969970703125
264,382,1342.5400390625
265,385,1342.9000244140625
266,386,1360.4000244140625
267,387,1364.300048828125
268,388,1357.510009765625
269,389,1354.949951171875
270,392,1364.1700439453125
271,393,1373.72998046875
272,394,1366.010009765625
273,395,1373.469970703125
274,396,1349.469970703125
275,399,1354.31005859375
276,400,1352.260009765625
277,401,1340.8900146484375
278,402,1332.530029296875
279,403,1314.760009765625
280,406,1330.31005859375
281,407,1318.800048828125
282,408,1315.9200439453125
283,409,1326.6099853515625
284,410,1301.530029296875
285,414,1278.93994140625
286,415,1255.27001953125
287,416,1252.8199462890625
288,417,1245.8599853515625
289,420,1267.6500244140625
290,421,1257.93994140625
291,422,1239.93994140625
292,423,1241.22998046875
293,424,1234.1800537109375
294,427,1241.4100341796875
295,428,1253.800048828125
296,429,1261.8900146484375
297,430,1264.739990234375
298,431,1233.4200439453125
299,434,1180.1600341796875
300,435,1197.6600341796875
301,436,1166.7099609375
302,437,1173.56005859375
303,438,1150.530029296875
304,441,1170.81005859375
305,442,1142.6199951171875
306,443,1122.1400146484375
307,444,1117.5799560546875
308,445,1139.8299560546875
309,448,1152.68994140625
310,449,1182.1700439453125
311,450,1153.2900390625
312,451,1147.949951171875
313,452,1160.3299560546875
314,455,1145.8699951171875
315,456,1106.4599609375
316,457,1103.25
317,458,1151.43994140625
318,459,1128.4300537109375
319,462,1137.5899658203125
320,463,1168.3800048828125
321,464,1165.8900146484375
322,465,1183.5
323,469,1179.6800537109375
324,470,1191.81005859375
325,471,1238.1600341796875
326,472,1253.68994140625
327,473,1242.97998046875
328,476,1224.3599853515625
329,477,1209.469970703125
330,478,1228.75
331,479,1234.52001953125
332,480,1253.050048828125
333,483,1249.4599609375
334,484,1266.43994140625
335,485,1267.4300537109375
336,486,1248.5799560546875
337,487,1266.6099853515625
338,490,1263.510009765625
339,491,1261.199951171875
340,492,1255.5400390625
341,493,1255.1800537109375
342,494,1245.6700439453125
343,497,1248.9200439453125
344,498,1249.43994140625
345,499,1284.989990234375
346,500,1288.489990234375
347,501,1291.9599609375
348,504,1312.8299560546875
349,505,1309.3800048828125
350,506,1289.050048828125
351,507,1293.1700439453125
352,508,1277.8900146484375
353,512,1267.9300537109375
354,513,1248.0799560546875
355,514,1255.8199462890625
356,515,1260.6700439453125
357,518,1267.1099853515625
358,519,1283.5699462890625
359,520,1270.030029296875
360,521,1276.9599609375
361,522,1264.9599609375
362,525,1254.3900146484375
363,526,1255.8499755859375
364,527,1241.5999755859375
365,528,1219.8699951171875
366,529,1214.3599853515625
367,532,1208.4300537109375
368,533,1212.5799560546875
369,534,1223.1400146484375
370,535,1237.0400390625
371,536,1225.3499755859375
372,539,1218.5999755859375
373,540,1216.760009765625
374,541,1211.0699462890625
375,542,1226.199951171875
376,543,1224.3800048828125
377,546,1236.719970703125
378,547,1234.449951171875
379,549,1219.239990234375
380,550,1190.5899658203125
381,553,1198.780029296875
382,554,1181.52001953125
383,555,1180.1800537109375
384,556,1208.1400146484375
385,557,1215.6800537109375
386,560,1202.449951171875
387,561,1214.43994140625
388,562,1207.7099609375
389,563,1215.02001953125
390,564,1210.8499755859375
391,567,1191.030029296875
392,568,1171.6500244140625
393,569,1190.489990234375
394,570,1202.9300537109375
395,571,1205.8199462890625
396,574,1204.52001953125
397,575,1211.22998046875
398,576,1215.9300537109375
399,577,1220.75
400,578,1214.3499755859375
401,581,1200.47998046875
402,582,1204.4000244140625
403,583,1183.530029296875
404,584,1183.4300537109375
405,585,1190.1600341796875
406,588,1191.2900390625
407,589,1186.72998046875
408,590,1178.02001953125
409,591,1181.6600341796875
410,592,1161.969970703125
411,595,1171.4100341796875
412,596,1157.260009765625
413,597,1165.31005859375
414,598,1162.0899658203125
415,599,1184.9300537109375
416,602,1179.2099609375
417,603,1161.510009765625
418,604,1148.56005859375
419,605,1129.030029296875
420,606,1133.5799560546875
421,610,1132.93994140625
422,611,1131.739990234375
423,612,1106.4000244140625
424,613,1085.780029296875
425,616,1092.5400390625
426,623,1038.77001953125
427,624,1032.739990234375
428,625,1016.0999755859375
429,626,984.5399780273438
430,627,965.7999877929688
431,630,1003.4500122070312
432,631,1012.27001953125
433,632,1007.0399780273438
434,633,1018.6099853515625
435,634,1040.93994140625
436,637,1038.550048828125
437,638,1051.3299560546875
438,639,1072.280029296875
439,640,1069.6300048828125
440,641,1071.3800048828125
441,644,1062.43994140625
442,645,1056.75
443,646,1080.989990234375
444,647,1097.4300537109375
445,648,1091.6500244140625
446,651,1089.97998046875
447,652,1097.5400390625
448,653,1077.0899658203125
449,654,1068.6099853515625
450,655,1073.47998046875
451,658,1089.9000244140625
452,659,1084.780029296875
453,660,1085.199951171875
454,661,1100.0899658203125
455,662,1104.6099853515625
456,665,1078.300048828125
457,666,1059.7900390625
458,667,1059.780029296875
459,668,1084.0999755859375
460,669,1087.199951171875
461,672,1102.8399658203125
462,673,1118.8599853515625
463,674,1115.800048828125
464,675,1118.5400390625
465,676,1120.31005859375
466,679,1118.3299560546875
467,680,1139.0899658203125
468,681,1141.2099609375
469,682,1142.239990234375
470,683,1138.6500244140625
471,686,1151.06005859375
472,687,1142.6600341796875
473,688,1137.030029296875
474,690,1150.3399658203125
475,693,1157.4200439453125
476,694,1149.5
477,695,1128.52001953125
478,696,1140.199951171875
479,697,1139.449951171875
480,700,1129.9000244140625
481,701,1144.800048828125
482,702,1170.3499755859375
483,703,1167.0999755859375
484,704,1158.31005859375
485,707,1139.9300537109375
486,708,1136.760009765625
487,709,1137.0699462890625
488,710,1119.3800048828125
489,711,1123.0899658203125
490,714,1134.3599853515625
491,715,1142.9200439453125
492,716,1149.56005859375
493,717,1139.9300537109375
494,718,1144.8900146484375
495,721,1144.6500244140625
496,723,1149.3699951171875
497,724,1157.1300048828125
498,725,1161.02001953125
499,728,1148.0799560546875
500,730,1154.6700439453125
501,731,1165.27001953125
502,732,1172.510009765625
503,735,1164.8900146484375
504,736,1160.7099609375
505,737,1155.1400146484375
506,738,1156.550048828125
507,739,1145.5999755859375
508,742,1138.4100341796875
509,743,1146.18994140625
510,744,1127.5699462890625
511,745,1138.8800048828125
512,746,1127.5799560546875
513,750,1119.31005859375
514,751,1128.1800537109375
515,752,1132.1500244140625
516,753,1133.280029296875
517,756,1133.06005859375
518,757,1100.6400146484375
519,758,1113.5699462890625
520,759,1130.199951171875
521,760,1122.199951171875
522,763,1094.43994140625
523,764,1090.02001953125
524,765,1083.510009765625
525,766,1080.1700439453125
526,767,1096.219970703125
527,770,1111.93994140625
528,771,1107.5
529,772,1118.510009765625
530,773,1116.47998046875
531,774,1104.1800537109375
532,778,1083.3399658203125
533,779,1097.97998046875
534,780,1080.949951171875
535,781,1089.8399658203125
536,784,1109.4300537109375
537,785,1109.3800048828125
538,786,1109.8900146484375
539,787,1106.72998046875
540,788,1131.780029296875
541,791,1153.8399658203125
542,792,1146.1400146484375
543,793,1162.77001953125
544,794,1157.5400390625
545,795,1164.31005859375
546,798,1168.260009765625
547,799,1165.5799560546875
548,800,1154.0899658203125
549,801,1153.0400390625
550,802,1166.1600341796875
551,805,1165.550048828125
552,806,1170.2900390625
553,807,1151.8499755859375
554,808,1153.5899658203125
555,809,1148.699951171875
556,812,1131.8699951171875
557,813,1138.489990234375
558,814,1144.5799560546875
559,815,1147.3900146484375
560,819,1146.5400390625
561,820,1136.760009765625
562,821,1125.4000244140625
563,822,1126.3399658203125
564,823,1122.72998046875
565,826,1125.2900390625
566,827,1117.800048828125
567,828,1130.469970703125
568,829,1103.68994140625
569,830,1111.010009765625
570,833,1102.550048828125
571,834,1128.3699951171875
572,835,1126.0699462890625
573,836,1124.469970703125
574,837,1125.1700439453125
575,840,1107.8299560546875
576,841,1100.9599609375
577,842,1093.1400146484375
578,843,1091.47998046875
579,844,1076.3199462890625
580,847,1065.449951171875
581,848,1076.9200439453125
582,849,1086.4599609375
583,850,1084.56005859375
584,851,1073.4300537109375
585,854,1052.6700439453125
586,855,1049.489990234375
587,856,1088.8499755859375
588,857,1073.010009765625
589,858,1054.989990234375
590,861,1074.56005859375
591,862,1097.280029296875
592,863,1091.0699462890625
593,864,1098.22998046875
594,865,1106.5899658203125
595,868,1091.8800048828125
596,869,1079.8800048828125
597,870,1086.02001953125
598,871,1097.0799560546875
599,872,1083.8199462890625
600,876,1074.550048828125
601,877,1067.6600341796875
602,878,1064.6600341796875
603,879,1067.1400146484375
604,882,1040.6800537109375
605,883,1040.68994140625
606,884,1049.9000244140625
607,885,1029.1500244140625
608,886,1027.530029296875
609,889,1030.739990234375
610,890,1013.5999755859375
611,891,1020.260009765625
612,892,1009.5599975585938
613,893,1007.27001953125
614,896,1036.1700439453125
615,897,1037.1400146484375
616,898,1019.989990234375
617,899,1006.2899780273438
618,900,989.1400146484375
619,903,992.719970703125
620,904,976.1400146484375
621,905,973.530029296875
622,906,990.6400146484375
623,907,989.8200073242188
624,910,968.6500244140625
625,911,948.0900268554688
626,912,953.989990234375
627,914,989.030029296875
628,917,976.97998046875
629,918,952.8300170898438
630,919,920.469970703125
631,920,927.3699951171875
632,921,921.3900146484375
633,924,917.9299926757812
634,925,900.9400024414062
635,926,906.0399780273438
636,927,881.5599975585938
637,928,847.75
638,931,819.8499755859375
639,932,797.7000122070312
640,933,843.4299926757812
641,934,838.6799926757812
642,935,852.8400268554688
643,938,898.9600219726562
644,939,902.780029296875
645,940,911.6199951171875
646,941,884.6599731445312
647,942,864.239990234375
648,945,834.5999755859375
649,946,859.5700073242188
650,947,876.77001953125
651,948,905.4600219726562
652,949,908.6400146484375
653,952,903.7999877929688
654,953,884.2100219726562
655,954,919.6199951171875
656,955,930.25
657,956,928.77001953125
658,959,950.7000122070312
659,960,937.4299926757812
660,961,949.3599853515625
661,962,962.7000122070312
662,963,940.8599853515625
663,966,947.9500122070312
664,967,934.8200073242188
665,968,917.8699951171875
666,969,917.7999877929688
667,970,916.0700073242188
668,974,878.02001953125
669,975,893.4000244140625
670,976,879.1500244140625
671,977,893.9199829101562
672,980,902.9600219726562
673,981,909.5800170898438
674,982,909.4500122070312
675,983,886.9099731445312
676,984,889.8099975585938
677,987,891.0999755859375
678,988,873.52001953125
679,989,869.4600219726562
680,990,843.3200073242188
681,991,845.3900146484375
682,994,833.7000122070312
683,995,819.2899780273438
684,996,839.6599731445312
685,997,854.9500122070312
686,998,827.3699951171875
687,1001,815.280029296875
688,1002,847.9099731445312
689,1003,827.9099731445312
690,1004,818.9500122070312
691,1005,800.5800170898438
692,1008,785.280029296875
693,1009,798.5499877929688
694,1010,776.760009765625
695,1011,803.9199829101562
696,1012,835.3200073242188
697,1015,841.4400024414062
698,1016,881.27001953125
699,1017,860.02001953125
700,1018,879.2000122070312
701,1019,884.3900146484375
702,1022,899.719970703125
703,1023,890.1599731445312
704,1024,896.1400146484375
705,1025,882.5
706,1026,897.6500244140625
707,1029,890.22998046875
708,1030,882.1500244140625
709,1031,890.7100219726562
710,1032,885.760009765625
711,1033,900.9600219726562
712,1036,908.3499755859375
713,1037,915.3900146484375
714,1038,923.760009765625
715,1039,902.6500244140625
716,1040,894.739990234375
717,1043,876.1900024414062
718,1044,882.9500122070312
719,1045,882.530029296875
720,1046,904.27001953125
721,1047,909.8300170898438
722,1050,900.3599853515625
723,1051,896.739990234375
724,1052,914.1500244140625
725,1053,933.760009765625
726,1054,930.5499877929688
727,1057,932.8699951171875
728,1058,913.3099975585938
729,1059,938.8699951171875
730,1061,936.3099975585938
731,1064,934.530029296875
732,1065,920.75
733,1066,917.5800170898438
734,1067,906.5499877929688
735,1068,912.22998046875
736,1071,892.0
737,1072,904.4500122070312
738,1073,904.9600219726562
739,1074,901.5800170898438
740,1075,889.47998046875
741,1078,910.4000244140625
742,1079,902.989990234375
743,1080,891.1199951171875
744,1081,884.25
745,1082,895.760009765625
746,1085,897.3800048828125
747,1086,892.469970703125
748,1088,889.6599731445312
749,1089,875.4000244140625
750,1092,879.3900146484375
751,1093,879.8200073242188
752,1095,909.030029296875
753,1096,908.5900268554688
754,1099,929.010009765625
755,1100,922.9299926757812
756,1101,909.9299926757812
757,1102,927.5700073242188
758,1103,927.5700073242188
759,1106,926.260009765625
760,1107,931.6599731445312
761,1108,918.219970703125
762,1109,914.5999755859375
763,1110,901.780029296875
764,1114,887.6199951171875
765,1115,878.3599853515625
766,1116,887.3400268554688
767,1117,861.4000244140625
768,1120,847.47998046875
769,1121,858.5399780273438
770,1122,864.3599853515625
771,1123,844.6099853515625
772,1124,855.7000122070312
773,1127,860.3200073242188
774,1128,848.2000122070312
775,1129,843.5900268554688
776,1130,838.1500244140625
777,1131,829.6900024414062
778,1134,835.969970703125
779,1135,829.2000122070312
780,1136,818.6799926757812
781,1137,817.3699951171875
782,1138,834.8900146484375
783,1142,851.1699829101562
784,1143,845.1300048828125
785,1144,837.0999755859375
786,1145,848.1699829101562
787,1148,832.5800170898438
788,1149,838.5700073242188
789,1150,827.5499877929688
790,1151,837.280029296875
791,1152,841.1500244140625
792,1155,834.8099975585938
793,1156,821.989990234375
794,1157,829.8499755859375
795,1158,822.0999755859375
796,1159,828.8900146484375
797,1162,807.47998046875
798,1163,800.72998046875
799,1164,804.1900024414062
800,1165,831.9000244140625
801,1166,833.27001953125
802,1169,862.7899780273438
803,1170,866.4500122070312
804,1171,874.02001953125
805,1172,875.6699829101562
806,1173,895.7899780273438
807,1176,864.22998046875
808,1177,874.739990234375
809,1178,869.9500122070312
810,1179,868.52001953125
811,1180,863.5
812,1183,848.1799926757812
813,1184,858.47998046875
814,1185,880.9000244140625
815,1186,876.4500122070312
816,1187,878.8499755859375
817,1190,879.9299926757812
818,1191,878.2899780273438
819,1192,865.989990234375
820,1193,871.5800170898438
821,1194,868.2999877929688
822,1197,885.22998046875
823,1198,890.8099975585938
824,1199,879.9099731445312
825,1200,893.5800170898438
826,1204,892.010009765625
827,1205,911.3699951171875
828,1206,919.02001953125
829,1207,911.4299926757812
830,1208,898.8099975585938
831,1211,914.8400268554688
832,1212,917.8400268554688
833,1213,916.9199829101562
834,1214,916.2999877929688
835,1215,930.0800170898438
836,1218,926.5499877929688
837,1219,934.3900146484375
838,1220,929.6199951171875
839,1221,920.27001953125
840,1222,933.4099731445312
841,1225,945.1099853515625
842,1226,942.2999877929688
843,1227,939.280029296875
844,1228,946.6699829101562
845,1229,944.2999877929688
846,1232,920.77001953125
847,1233,919.72998046875
848,1234,923.4199829101562
849,1235,931.8699951171875
850,1236,933.219970703125
851,1240,951.47998046875
852,1241,953.219970703125
853,1242,949.6400146484375
854,1243,963.5900268554688
855,1246,967.0
856,1247,971.5599975585938
857,1248,986.239990234375
858,1249,990.1400146484375
859,1250,987.760009765625
860,1253,975.9299926757812
861,1254,984.8400268554688
862,1255,997.47998046875
863,1256,998.510009765625
864,1257,988.6099853515625
865,1260,1010.739990234375
866,1261,1011.6599731445312
867,1262,1010.0900268554688
868,1263,994.7000122070312
869,1264,995.6900024414062
870,1267,981.6400146484375
871,1268,983.4500122070312
872,1269,975.3200073242188
873,1270,985.8200073242188
874,1271,976.219970703125
875,1274,974.5
876,1275,982.3200073242188
877,1276,993.75
878,1277,985.7000122070312
879,1281,1004.4199829101562
880,1282,1007.8400268554688
881,1283,1002.2100219726562
882,1284,988.7000122070312
883,1285,998.1400146484375
884,1288,1003.8599853515625
885,1289,1000.4199829101562
886,1290,994.0900268554688
887,1291,981.72998046875
888,1292,993.3200073242188
889,1295,978.7999877929688
890,1296,988.1099853515625
891,1297,988.6099853515625
892,1298,981.5999755859375
893,1299,998.6799926757812
894,1302,996.52001953125
895,1303,989.280029296875
896,1304,987.489990234375
897,1305,990.3099975585938
898,1306,980.1500244140625
899,1309,982.8200073242188
900,1310,965.4600219726562
901,1311,967.0800170898438
902,1312,974.1199951171875
903,1313,977.5900268554688
904,1316,980.5900268554688
905,1317,990.3499755859375
906,1318,984.030029296875
907,1319,990.510009765625
908,1320,990.6699829101562
909,1323,999.739990234375
910,1324,1002.3499755859375
911,1325,1000.2999877929688
912,1326,1003.27001953125
913,1327,993.0599975585938
914,1330,993.7100219726562
915,1331,996.72998046875
916,1332,996.7899780273438
917,1333,1002.8400268554688
918,1334,1008.010009765625
919,1338,1021.989990234375
920,1339,1026.27001953125
921,1340,1027.969970703125
922,1341,1021.3900146484375
923,1344,1031.6400146484375
924,1345,1023.1699829101562
925,1346,1010.9199829101562
926,1347,1016.4199829101562
927,1348,1018.6300048828125
928,1351,1014.8099975585938
929,1352,1029.3199462890625
930,1353,1025.969970703125
931,1354,1039.5799560546875
932,1355,1036.300048828125
933,1358,1022.8200073242188
934,1359,1029.030029296875
935,1360,1009.3800048828125
936,1361,1003.27001953125
937,1362,996.8499755859375
938,1365,1006.5800170898438
939,1366,995.969970703125
940,1367,1018.219970703125
941,1368,1020.239990234375
942,1369,1029.8499755859375
943,1372,1034.3499755859375
944,1373,1039.25
945,1374,1033.780029296875
946,1375,1038.72998046875
947,1376,1038.06005859375
948,1379,1045.3499755859375
949,1380,1049.47998046875
950,1381,1046.760009765625
951,1382,1050.0699462890625
952,1383,1039.3199462890625
953,1386,1044.6800537109375
954,1387,1046.030029296875
955,1388,1030.3599853515625
956,1389,1033.77001953125
957,1390,1028.9100341796875
958,1393,1031.1300048828125
959,1394,1046.7900390625
960,1395,1048.1099853515625
961,1396,1046.93994140625
962,1397,1050.7099609375
963,1400,1059.02001953125
964,1401,1053.25
965,1402,1051.81005859375
966,1403,1058.050048828125
967,1404,1053.2099609375
968,1407,1047.1099853515625
969,1408,1046.5699462890625
970,1409,1058.530029296875
971,1410,1058.4100341796875
972,1411,1050.3499755859375
973,1414,1043.6300048828125
974,1415,1034.1500244140625
975,1416,1042.43994140625
976,1417,1033.6500244140625
977,1418,1035.280029296875
978,1421,1052.0799560546875
979,1422,1053.8900146484375
980,1423,1058.449951171875
981,1425,1058.199951171875
982,1428,1070.1199951171875
983,1429,1066.6199951171875
984,1430,1064.72998046875
985,1431,1069.719970703125
986,1432,1061.5
987,1435,1069.300048828125
988,1436,1060.1800537109375
989,1437,1059.050048828125
990,1438,1071.2099609375
991,1439,1074.1400146484375
992,1442,1068.0400390625
993,1443,1075.1300048828125
994,1444,1076.47998046875
995,1445,1089.1800537109375
996,1446,1088.6600341796875
997,1449,1092.93994140625
998,1450,1096.02001953125
999,1451,1094.0400390625
1000,1453,1095.8900146484375
1001,1456,1109.47998046875
1002,1457,1109.6400146484375
1003,1458,1111.9200439453125
1004,1460,1108.47998046875
1005,1463,1122.219970703125
1006,1464,1123.6700439453125
1007,1465,1126.3299560546875
1008,1466,1131.9200439453125
1009,1467,1121.8599853515625
1010,1470,1127.22998046875
1011,1471,1121.219970703125
1012,1472,1130.52001953125
1013,1473,1132.050048828125
1014,1474,1139.8299560546875
1015,1478,1138.77001953125
1016,1479,1147.6199951171875
1017,1480,1143.93994140625
1018,1481,1141.550048828125
1019,1484,1155.3699951171875
1020,1485,1144.050048828125
1021,1486,1128.47998046875
1022,1487,1134.1099853515625
1023,1488,1131.1300048828125
1024,1491,1135.260009765625
1025,1492,1136.030029296875
1026,1493,1126.52001953125
1027,1494,1128.5899658203125
1028,1495,1142.760009765625
1029,1498,1139.81005859375
1030,1499,1145.5400390625
1031,1500,1157.760009765625
1032,1501,1152.1099853515625
1033,1502,1145.81005859375
1034,1506,1156.989990234375
1035,1507,1151.8199462890625
1036,1508,1147.06005859375
1037,1509,1144.1099853515625
1038,1512,1140.989990234375
1039,1513,1139.0899658203125
1040,1514,1143.6700439453125
1041,1515,1144.9100341796875
1042,1516,1144.93994140625
1043,1519,1155.969970703125
1044,1520,1149.0999755859375
1045,1521,1151.030029296875
1046,1522,1154.8699951171875
1047,1523,1156.8599853515625
1048,1526,1147.199951171875
1049,1527,1140.5799560546875
1050,1528,1123.8900146484375
1051,1529,1106.780029296875
1052,1530,1120.5699462890625
1053,1533,1104.489990234375
1054,1534,1110.699951171875
1055,1535,1123.75
1056,1536,1122.3199462890625
1057,1537,1109.780029296875
1058,1540,1095.4000244140625
1059,1541,1093.949951171875
1060,1542,1091.3299560546875
1061,1543,1109.18994140625
1062,1544,1108.06005859375
1063,1547,1122.469970703125
1064,1548,1127.0
1065,1549,1126.2099609375
1066,1550,1132.1700439453125
1067,1551,1141.81005859375
1068,1554,1150.5699462890625
1069,1555,1148.1600341796875
1070,1556,1140.530029296875
1071,1557,1139.3199462890625
1072,1561,1145.199951171875
1073,1562,1129.43994140625
1074,1563,1128.1700439453125
1075,1564,1128.8399658203125
1076,1565,1134.6099853515625
1077,1568,1135.8199462890625
1078,1569,1118.1500244140625
1079,1570,1124.0899658203125
1080,1571,1139.9300537109375
1081,1572,1140.5999755859375
1082,1575,1135.530029296875
1083,1576,1138.1099853515625
1084,1577,1122.4100341796875
1085,1578,1113.8900146484375
1086,1579,1107.300048828125
1087,1582,1117.489990234375
1088,1583,1119.550048828125
1089,1584,1121.530029296875
1090,1585,1113.989990234375
1091,1586,1098.699951171875
1092,1589,1087.1199951171875
1093,1590,1095.449951171875
1094,1591,1097.280029296875
1095,1592,1096.43994140625
1096,1593,1095.699951171875
1097,1596,1084.0999755859375
1098,1597,1091.489990234375
1099,1598,1088.6800537109375
1100,1599,1089.18994140625
1101,1600,1093.56005859375
1102,1603,1095.4100341796875
1103,1604,1113.050048828125
1104,1605,1114.93994140625
1105,1606,1121.280029296875
1106,1607,1120.6800537109375
1107,1611,1121.199951171875
1108,1612,1124.989990234375
1109,1613,1116.6400146484375
1110,1614,1122.5
1111,1617,1140.4200439453125
1112,1618,1142.1800537109375
1113,1619,1131.3299560546875
1114,1620,1136.469970703125
1115,1624,1125.2900390625
1116,1625,1132.010009765625
1117,1626,1133.56005859375
1118,1627,1132.050048828125
1119,1628,1135.02001953125
1120,1631,1130.300048828125
1121,1632,1134.4100341796875
1122,1633,1144.06005859375
1123,1634,1140.6500244140625
1124,1635,1134.4300537109375
1125,1638,1133.3499755859375
1126,1639,1136.199951171875
1127,1640,1140.8399658203125
1128,1641,1128.93994140625
1129,1642,1125.3800048828125
1130,1646,1116.2099609375
1131,1647,1118.3299560546875
1132,1648,1109.1099853515625
1133,1649,1112.81005859375
1134,1652,1114.3499755859375
1135,1653,1115.1400146484375
1136,1654,1111.469970703125
1137,1655,1106.68994140625
1138,1656,1101.3900146484375
1139,1659,1100.9000244140625
1140,1660,1108.6700439453125
1141,1661,1093.8800048828125
1142,1662,1096.8399658203125
1143,1663,1086.199951171875
1144,1666,1084.0699462890625
1145,1667,1094.8299560546875
1146,1668,1095.4200439453125
1147,1669,1100.4300537109375
1148,1670,1101.719970703125
1149,1673,1106.6199951171875
1150,1674,1099.68994140625
1151,1675,1098.6300048828125
1152,1676,1080.699951171875
1153,1677,1063.969970703125
1154,1680,1065.219970703125
1155,1681,1079.0400390625
1156,1682,1075.7900390625
1157,1683,1063.22998046875
1158,1684,1064.800048828125
1159,1687,1079.3399658203125
1160,1688,1081.7099609375
1161,1689,1095.1700439453125
1162,1690,1091.22998046875
1163,1691,1098.3499755859375
1164,1694,1095.6800537109375
1165,1695,1096.18994140625
1166,1696,1104.9599609375
1167,1697,1105.0899658203125
1168,1698,1107.77001953125
1169,1701,1099.1500244140625
1170,1702,1104.239990234375
1171,1703,1105.9100341796875
1172,1704,1118.31005859375
1173,1705,1113.6300048828125
1174,1709,1121.300048828125
1175,1710,1116.27001953125
1176,1711,1118.3800048828125
1177,1712,1123.9200439453125
1178,1715,1125.8199462890625
1179,1716,1128.3299560546875
1180,1717,1120.3699951171875
1181,1718,1123.5
1182,1719,1128.550048828125
1183,1722,1122.199951171875
1184,1723,1129.300048828125
1185,1724,1113.56005859375
1186,1725,1108.3599853515625
1187,1726,1110.1099853515625
1188,1729,1103.52001953125
1189,1730,1110.06005859375
1190,1731,1114.800048828125
1191,1732,1114.5799560546875
1192,1733,1131.5
1193,1736,1135.1700439453125
1194,1737,1134.47998046875
1195,1738,1142.050048828125
1196,1739,1130.6500244140625
1197,1740,1122.1400146484375
1198,1743,1124.3900146484375
1199,1744,1121.8399658203125
1200,1745,1113.6500244140625
1201,1746,1103.2900390625
1202,1747,1108.199951171875
1203,1750,1114.02001953125
1204,1751,1103.22998046875
1205,1752,1103.6600341796875
1206,1753,1106.489990234375
1207,1754,1095.739990234375
1208,1757,1094.800048828125
1209,1758,1111.0899658203125
1210,1759,1125.4000244140625
1211,1760,1127.43994140625
1212,1761,1130.199951171875
1213,1764,1130.510009765625
1214,1765,1130.56005859375
1215,1766,1143.199951171875
1216,1767,1161.6700439453125
1217,1768,1166.1700439453125
1218,1771,1164.8900146484375
1219,1772,1164.0799560546875
1220,1773,1162.9100341796875
1221,1774,1173.47998046875
1222,1775,1184.1700439453125
1223,1778,1183.81005859375
1224,1779,1175.4300537109375
1225,1780,1181.93994140625
1226,1781,1183.550048828125
1227,1782,1170.3399658203125
1228,1785,1177.239990234375
1229,1786,1176.93994140625
1230,1787,1181.760009765625
1231,1789,1182.6500244140625
1232,1792,1178.5699462890625
1233,1793,1173.8199462890625
1234,1794,1191.3699951171875
1235,1795,1190.3299560546875
1236,1796,1191.1700439453125
1237,1799,1190.25
1238,1800,1177.0699462890625
1239,1801,1182.81005859375
1240,1802,1189.239990234375
1241,1803,1188.0
1242,1806,1198.6800537109375
1243,1807,1203.3800048828125
1244,1808,1205.719970703125
1245,1809,1203.2099609375
1246,1810,1194.199951171875
1247,1813,1194.6500244140625
1248,1814,1205.449951171875
1249,1815,1209.5699462890625
1250,1816,1210.1300048828125
1251,1820,1204.9200439453125
1252,1821,1213.5400390625
1253,1822,1213.449951171875
1254,1823,1213.550048828125
1255,1824,1211.9200439453125
1256,1827,1202.0799560546875
1257,1828,1188.050048828125
1258,1829,1183.739990234375
1259,1830,1187.8900146484375
1260,1831,1186.18994140625
1261,1834,1190.25
1262,1835,1182.989990234375
1263,1836,1187.699951171875
1264,1837,1177.449951171875
1265,1838,1184.52001953125
1266,1842,1195.97998046875
1267,1843,1184.6300048828125
1268,1844,1175.4100341796875
1269,1845,1167.8699951171875
1270,1848,1163.75
1271,1849,1168.4100341796875
1272,1850,1174.0699462890625
1273,1851,1174.550048828125
1274,1852,1171.3599853515625
1275,1855,1181.27001953125
1276,1856,1189.4100341796875
1277,1857,1193.18994140625
1278,1858,1189.8900146484375
1279,1859,1203.030029296875
1280,1862,1201.719970703125
1281,1863,1202.300048828125
1282,1864,1191.989990234375
1283,1865,1197.010009765625
1284,1866,1205.300048828125
1285,1869,1206.1400146484375
1286,1870,1210.1199951171875
1287,1871,1210.3399658203125
1288,1872,1200.75
1289,1873,1201.5899658203125
1290,1877,1184.1600341796875
1291,1878,1190.800048828125
1292,1879,1200.199951171875
1293,1880,1211.3699951171875
1294,1883,1203.5999755859375
1295,1884,1210.4100341796875
1296,1885,1210.0799560546875
1297,1886,1210.469970703125
1298,1887,1222.1199951171875
1299,1890,1225.31005859375
1300,1891,1219.4300537109375
1301,1892,1207.010009765625
1302,1893,1209.25
1303,1894,1200.0799560546875
1304,1897,1206.8299560546875
1305,1898,1197.75
1306,1899,1188.0699462890625
1307,1900,1190.2099609375
1308,1901,1189.6500244140625
1309,1904,1183.780029296875
1310,1905,1171.7099609375
1311,1906,1172.530029296875
1312,1907,1171.4200439453125
1313,1911,1174.280029296875
1314,1912,1165.3599853515625
1315,1913,1181.4100341796875
1316,1914,1180.5899658203125
1317,1915,1172.9200439453125
1318,1918,1176.1199951171875
1319,1919,1181.3900146484375
1320,1920,1184.0699462890625
1321,1921,1191.1400146484375
1322,1922,1181.199951171875
1323,1925,1181.2099609375
1324,1926,1187.760009765625
1325,1927,1173.7900390625
1326,1928,1162.050048828125
1327,1929,1142.6199951171875
1328,1932,1145.97998046875
1329,1933,1152.780029296875
1330,1934,1137.5
1331,1935,1159.949951171875
1332,1936,1152.1199951171875
1333,1939,1162.0999755859375
1334,1940,1151.8299560546875
1335,1941,1156.3800048828125
1336,1942,1143.219970703125
1337,1943,1156.8499755859375
1338,1946,1162.1600341796875
1339,1947,1161.1700439453125
1340,1948,1175.6500244140625
1341,1949,1172.6300048828125
1342,1950,1171.3499755859375
1343,1953,1178.8399658203125
1344,1954,1166.219970703125
1345,1955,1171.1099853515625
1346,1956,1159.3599853515625
1347,1957,1154.050048828125
1348,1960,1165.68994140625
1349,1961,1173.800048828125
1350,1962,1185.56005859375
1351,1963,1191.0799560546875
1352,1964,1189.280029296875
1353,1967,1193.8599853515625
1354,1968,1194.0699462890625
1355,1969,1190.010009765625
1356,1970,1197.6199951171875
1357,1971,1198.780029296875
1358,1975,1191.5
1359,1976,1202.219970703125
1360,1977,1204.2900390625
1361,1978,1196.02001953125
1362,1981,1197.510009765625
1363,1982,1197.260009765625
1364,1983,1194.6700439453125
1365,1984,1200.9300537109375
1366,1985,1198.1099853515625
1367,1988,1200.8199462890625
1368,1989,1203.9100341796875
1369,1990,1206.5799560546875
1370,1991,1210.9599609375
1371,1992,1216.9599609375
1372,1995,1216.0999755859375
1373,1996,1213.6099853515625
1374,1997,1213.8800048828125
1375,1998,1200.72998046875
1376,1999,1191.5699462890625
1377,2002,1190.68994140625
1378,2003,1201.5699462890625
1379,2004,1199.8499755859375
1380,2005,1191.3299560546875
1381,2006,1194.43994140625
1382,2010,1204.989990234375
1383,2011,1194.93994140625
1384,2012,1197.8699951171875
1385,2013,1211.8599853515625
1386,2016,1219.43994140625
1387,2017,1222.2099609375
1388,2018,1223.2900390625
1389,2019,1226.5
1390,2020,1227.9200439453125
1391,2023,1221.1300048828125
1392,2024,1229.3499755859375
1393,2025,1235.199951171875
1394,2026,1227.0400390625
1395,2027,1233.6800537109375
1396,2030,1229.030029296875
1397,2031,1231.1600341796875
1398,2032,1236.7900390625
1399,2033,1243.719970703125
1400,2034,1234.1800537109375
1401,2037,1235.3499755859375
1402,2038,1244.1199951171875
1403,2039,1245.0400390625
1404,2040,1235.8599853515625
1405,2041,1226.4200439453125
1406,2044,1223.1300048828125
1407,2045,1231.3800048828125
1408,2046,1229.1300048828125
1409,2047,1237.81005859375
1410,2048,1230.3900146484375
1411,2051,1233.8699951171875
1412,2052,1219.3399658203125
1413,2053,1220.239990234375
1414,2054,1219.02001953125
1415,2055,1219.7099609375
1416,2058,1221.72998046875
1417,2059,1217.5899658203125
1418,2060,1209.5899658203125
1419,2061,1212.3699951171875
1420,2062,1205.0999755859375
1421,2065,1212.280029296875
1422,2066,1208.4100341796875
1423,2067,1220.3299560546875
1424,2068,1221.5899658203125
1425,2069,1218.02001953125
1426,2073,1233.3900146484375
1427,2074,1236.3599853515625
1428,2075,1231.6700439453125
1429,2076,1241.47998046875
1430,2079,1240.56005859375
1431,2080,1231.199951171875
1432,2081,1227.1600341796875
1433,2082,1227.72998046875
1434,2083,1237.9100341796875
1435,2086,1231.02001953125
1436,2087,1221.3399658203125
1437,2088,1210.199951171875
1438,2089,1214.6199951171875
1439,2090,1215.2900390625
1440,2093,1215.6300048828125
1441,2094,1215.6600341796875
1442,2095,1216.8900146484375
1443,2096,1227.6800537109375
1444,2097,1228.81005859375
1445,2100,1226.699951171875
1446,2101,1214.469970703125
1447,2102,1196.3900146484375
1448,2103,1191.489990234375
1449,2104,1195.9000244140625
1450,2107,1187.3299560546875
1451,2108,1184.8699951171875
1452,2109,1177.6800537109375
1453,2110,1176.8399658203125
1454,2111,1186.5699462890625
1455,2114,1190.0999755859375
1456,2115,1178.1400146484375
1457,2116,1195.760009765625
1458,2117,1177.800048828125
1459,2118,1179.5899658203125
1460,2121,1199.3800048828125
1461,2122,1196.5400390625
1462,2123,1191.3800048828125
1463,2124,1178.9000244140625
1464,2125,1198.4100341796875
1465,2128,1207.010009765625
1466,2129,1202.760009765625
1467,2130,1214.760009765625
1468,2131,1219.93994140625
1469,2132,1220.1400146484375
1470,2135,1222.81005859375
1471,2136,1218.5899658203125
1472,2137,1220.6500244140625
1473,2138,1230.9599609375
1474,2139,1234.719970703125
1475,2142,1233.760009765625
1476,2143,1229.010009765625
1477,2144,1231.2099609375
1478,2145,1242.800048828125
1479,2146,1248.27001953125
1480,2149,1254.8499755859375
1481,2150,1261.22998046875
1482,2151,1265.6099853515625
1483,2153,1268.25
1484,2156,1257.4599609375
1485,2157,1257.47998046875
1486,2158,1249.47998046875
1487,2159,1264.6700439453125
1488,2160,1265.0799560546875
1489,2163,1262.0899658203125
1490,2164,1263.699951171875
1491,2165,1257.3699951171875
1492,2166,1255.8399658203125
1493,2167,1259.3699951171875
1494,2170,1260.4300537109375
1495,2171,1267.4300537109375
1496,2172,1272.739990234375
1497,2173,1270.93994140625
1498,2174,1267.3199462890625
1499,2177,1259.9200439453125
1500,2178,1259.6199951171875
1501,2179,1262.7900390625
1502,2180,1268.1199951171875
1503,2181,1268.6600341796875
1504,2185,1256.5400390625
1505,2186,1258.1700439453125
1506,2187,1254.4200439453125
1507,2188,1248.2900390625
1508,2192,1268.800048828125
1509,2193,1273.4599609375
1510,2194,1273.47998046875
1511,2195,1285.449951171875
1512,2198,1290.1500244140625
1513,2199,1289.68994140625
1514,2200,1294.1800537109375
1515,2201,1286.06005859375
1516,2202,1287.6099853515625
1517,2206,1282.9300537109375
1518,2207,1277.9300537109375
1519,2208,1285.0400390625
1520,2209,1261.489990234375
1521,2212,1263.8199462890625
1522,2213,1266.8599853515625
1523,2214,1264.6800537109375
1524,2215,1273.8299560546875
1525,2216,1283.719970703125
1526,2219,1285.18994140625
1527,2220,1280.0799560546875
1528,2221,1282.4599609375
1529,2222,1270.8399658203125
1530,2223,1264.030029296875
1531,2226,1265.02001953125
1532,2227,1254.780029296875
1533,2228,1265.6500244140625
1534,2229,1263.780029296875
1535,2230,1266.989990234375
1536,2233,1262.8599853515625
1537,2234,1275.530029296875
1538,2235,1280.0
1539,2236,1289.3800048828125
1540,2237,1287.239990234375
1541,2241,1283.030029296875
1542,2242,1292.6700439453125
1543,2243,1287.7900390625
1544,2244,1289.4300537109375
1545,2247,1294.1199951171875
1546,2248,1280.6600341796875
1547,2249,1291.239990234375
1548,2250,1289.1400146484375
1549,2251,1287.22998046875
1550,2254,1278.260009765625
1551,2255,1275.8800048828125
1552,2256,1278.469970703125
1553,2257,1272.22998046875
1554,2258,1281.4200439453125
1555,2261,1284.1300048828125
1556,2262,1297.47998046875
1557,2263,1303.02001953125
1558,2264,1305.3299560546875
1559,2265,1307.25
1560,2268,1305.0799560546875
1561,2269,1297.22998046875
1562,2270,1305.0400390625
1563,2271,1301.6700439453125
1564,2272,1302.949951171875
1565,2275,1301.6099853515625
1566,2276,1293.22998046875
1567,2277,1302.8900146484375
1568,2278,1300.25
1569,2279,1294.8699951171875
1570,2282,1297.81005859375
1571,2283,1305.9300537109375
1572,2284,1311.56005859375
1573,2285,1309.0400390625
1574,2286,1295.5
1575,2289,1296.6199951171875
1576,2290,1286.5699462890625
1577,2291,1288.1199951171875
1578,2292,1289.1199951171875
1579,2296,1285.3299560546875
1580,2297,1307.280029296875
1581,2298,1309.9300537109375
1582,2299,1311.4599609375
1583,2300,1311.280029296875
1584,2303,1308.1099853515625
1585,2304,1301.739990234375
1586,2305,1305.4100341796875
1587,2306,1309.719970703125
1588,2307,1310.6099853515625
1589,2310,1305.18994140625
1590,2311,1313.2099609375
1591,2312,1308.1199951171875
1592,2313,1312.25
1593,2314,1325.760009765625
1594,2317,1324.6600341796875
1595,2318,1325.1400146484375
1596,2319,1322.8499755859375
1597,2320,1305.9200439453125
1598,2321,1291.239990234375
1599,2324,1294.5
1600,2325,1292.0799560546875
1601,2326,1270.3199462890625
1602,2327,1261.81005859375
1603,2328,1267.030029296875
1604,2331,1262.0699462890625
1605,2332,1256.5799560546875
1606,2333,1258.5699462890625
1607,2334,1272.8800048828125
1608,2335,1280.1600341796875
1609,2339,1259.8699951171875
1610,2340,1270.0899658203125
1611,2341,1285.7099609375
1612,2342,1288.219970703125
1613,2345,1265.2900390625
1614,2346,1263.8499755859375
1615,2347,1256.1500244140625
1616,2348,1257.9300537109375
1617,2349,1252.300048828125
1618,2352,1237.43994140625
1619,2353,1223.68994140625
1620,2354,1230.0400390625
1621,2355,1256.1600341796875
1622,2356,1251.5400390625
1623,2359,1240.1300048828125
1624,2360,1240.1199951171875
1625,2361,1252.199951171875
1626,2362,1245.5999755859375
1627,2363,1244.5
1628,2366,1250.56005859375
1629,2367,1239.199951171875
1630,2368,1246.0
1631,2369,1272.8699951171875
1632,2370,1270.199951171875
1633,2373,1280.18994140625
1634,2375,1270.9100341796875
1635,2376,1274.0799560546875
1636,2377,1265.47998046875
1637,2380,1267.3399658203125
1638,2381,1272.4300537109375
1639,2382,1258.5999755859375
1640,2383,1242.280029296875
1641,2384,1236.199951171875
1642,2387,1234.489990234375
1643,2388,1236.8599853515625
1644,2389,1259.81005859375
1645,2390,1249.1300048828125
1646,2391,1240.2900390625
1647,2394,1260.9100341796875
1648,2395,1268.8800048828125
1649,2396,1268.4000244140625
1650,2397,1263.199951171875
1651,2398,1278.550048828125
1652,2401,1276.6600341796875
1653,2402,1270.9200439453125
1654,2403,1277.4100341796875
1655,2404,1280.27001953125
1656,2405,1279.3599853515625
1657,2408,1275.77001953125
1658,2409,1271.47998046875
1659,2410,1265.949951171875
1660,2411,1271.81005859375
1661,2412,1266.739990234375
1662,2415,1268.2099609375
1663,2416,1285.5799560546875
1664,2417,1295.4300537109375
1665,2418,1297.47998046875
1666,2419,1302.300048828125
1667,2422,1297.52001953125
1668,2423,1298.8199462890625
1669,2424,1292.989990234375
1670,2425,1296.06005859375
1671,2426,1295.0899658203125
1672,2429,1301.780029296875
1673,2430,1304.280029296875
1674,2431,1305.3699951171875
1675,2432,1303.8199462890625
1676,2433,1311.010009765625
1677,2437,1313.25
1678,2438,1300.260009765625
1679,2439,1294.02001953125
1680,2440,1298.9200439453125
1681,2443,1299.5400390625
1682,2444,1313.0
1683,2445,1318.0699462890625
1684,2446,1316.280029296875
1685,2447,1319.6600341796875
1686,2450,1321.1800537109375
1687,2451,1317.6400146484375
1688,2452,1325.1800537109375
1689,2453,1318.030029296875
1690,2454,1314.780029296875
1691,2457,1326.3699951171875
1692,2458,1336.3499755859375
1693,2459,1336.5899658203125
1694,2460,1338.8800048828125
1695,2461,1335.8499755859375
1696,2464,1331.3199462890625
1697,2465,1334.1099853515625
1698,2466,1350.199951171875
1699,2467,1353.219970703125
1700,2468,1349.5899658203125
1701,2471,1350.6600341796875
1702,2472,1353.4200439453125
1703,2473,1349.949951171875
1704,2474,1362.8299560546875
1705,2475,1365.6199951171875
1706,2478,1369.06005859375
1707,2479,1364.050048828125
1708,2480,1365.800048828125
1709,2481,1366.9599609375
1710,2482,1368.5999755859375
1711,2485,1377.02001953125
1712,2486,1377.3800048828125
1713,2487,1382.219970703125
1714,2488,1389.0799560546875
1715,2489,1377.3399658203125
1716,2492,1377.9300537109375
1717,2493,1377.93994140625
1718,2494,1367.81005859375
1719,2495,1367.3399658203125
1720,2496,1364.300048828125
1721,2499,1379.780029296875
1722,2500,1382.8399658203125
1723,2501,1385.719970703125
1724,2502,1378.3299560546875
1725,2503,1380.9000244140625
1726,2506,1384.4200439453125
1727,2507,1393.219970703125
1728,2508,1396.5699462890625
1729,2509,1399.760009765625
1730,2510,1401.199951171875
1731,2513,1400.5
1732,2514,1402.81005859375
1733,2515,1406.0899658203125
1734,2517,1400.949951171875
1735,2520,1381.9599609375
1736,2521,1386.719970703125
1737,2522,1399.47998046875
1738,2523,1400.6300048828125
1739,2524,1396.7099609375
1740,2527,1409.1199951171875
1741,2528,1414.760009765625
1742,2529,1412.9000244140625
1743,2530,1407.2900390625
1744,2531,1409.8399658203125
1745,2534,1413.0400390625
1746,2535,1411.56005859375
1747,2536,1413.2099609375
1748,2537,1425.489990234375
1749,2538,1427.0899658203125
1750,2541,1422.47998046875
1751,2542,1425.550048828125
1752,2543,1423.530029296875
1753,2544,1418.300048828125
1754,2545,1410.760009765625
1755,2549,1416.9000244140625
1756,2550,1426.8399658203125
1757,2551,1424.72998046875
1758,2552,1418.300048828125
1759,2557,1416.5999755859375
1760,2558,1418.3399658203125
1761,2559,1409.7099609375
1762,2562,1412.8399658203125
1763,2563,1412.1099853515625
1764,2564,1414.8499755859375
1765,2565,1423.8199462890625
1766,2566,1430.72998046875
1767,2570,1431.9000244140625
1768,2571,1430.6199951171875
1769,2572,1426.3699951171875
1770,2573,1430.5
1771,2576,1422.949951171875
1772,2577,1427.989990234375
1773,2578,1440.1300048828125
1774,2579,1423.9000244140625
1775,2580,1422.1800537109375
1776,2583,1420.6199951171875
1777,2584,1428.8199462890625
1778,2585,1438.239990234375
1779,2586,1445.93994140625
1780,2587,1448.3900146484375
1781,2590,1446.989990234375
1782,2591,1448.0
1783,2592,1450.02001953125
1784,2593,1448.31005859375
1785,2594,1438.06005859375
1786,2597,1433.3699951171875
1787,2598,1444.260009765625
1788,2599,1455.300048828125
1789,2600,1456.81005859375
1790,2601,1455.5400390625
1791,2605,1459.6800537109375
1792,2606,1457.6300048828125
1793,2607,1456.3800048828125
1794,2608,1451.18994140625
1795,2611,1449.3699951171875
1796,2612,1399.0400390625
1797,2613,1406.8199462890625
1798,2614,1403.1700439453125
1799,2615,1387.1700439453125
1800,2618,1374.1199951171875
1801,2619,1395.4100341796875
1802,2620,1391.969970703125
1803,2621,1401.8900146484375
1804,2622,1402.8399658203125
1805,2625,1406.5999755859375
1806,2626,1377.949951171875
1807,2627,1387.1700439453125
1808,2628,1392.280029296875
1809,2629,1386.949951171875
1810,2632,1402.06005859375
1811,2633,1410.93994140625
1812,2634,1435.0400390625
1813,2635,1434.5400390625
1814,2636,1436.1099853515625
1815,2639,1437.5
1816,2640,1428.6099853515625
1817,2641,1417.22998046875
1818,2642,1422.530029296875
1819,2643,1420.8599853515625
1820,2646,1424.550048828125
1821,2647,1437.77001953125
1822,2648,1439.3699951171875
1823,2649,1443.760009765625
1824,2653,1444.6099853515625
1825,2654,1448.3900146484375
1826,2655,1438.8699951171875
1827,2656,1447.800048828125
1828,2657,1452.8499755859375
1829,2660,1468.3299560546875
1830,2661,1471.47998046875
1831,2662,1472.5
1832,2663,1470.72998046875
1833,2664,1484.3499755859375
1834,2667,1480.9300537109375
1835,2668,1480.4100341796875
1836,2669,1495.4200439453125
1837,2670,1494.25
1838,2671,1494.0699462890625
1839,2674,1482.3699951171875
1840,2675,1486.300048828125
1841,2676,1495.9200439453125
1842,2677,1502.3900146484375
1843,2678,1505.6199951171875
1844,2681,1509.47998046875
1845,2682,1507.719970703125
1846,2683,1512.5799560546875
1847,2684,1491.469970703125
1848,2685,1505.8499755859375
1849,2688,1503.1500244140625
1850,2689,1501.18994140625
1851,2690,1514.1400146484375
1852,2691,1512.75
1853,2692,1522.75
1854,2695,1525.0999755859375
1855,2696,1524.1199951171875
1856,2697,1522.280029296875
1857,2698,1507.510009765625
1858,2699,1515.72998046875
1859,2703,1518.1099853515625
1860,2704,1530.22998046875
1861,2705,1530.6199951171875
1862,2706,1536.3399658203125
1863,2709,1539.1800537109375
1864,2710,1530.949951171875
1865,2711,1517.3800048828125
1866,2712,1490.719970703125
1867,2713,1507.6700439453125
1868,2716,1509.1199951171875
1869,2717,1493.0
1870,2718,1515.6700439453125
1871,2719,1522.969970703125
1872,2720,1532.9100341796875
1873,2723,1531.050048828125
1874,2724,1533.699951171875
1875,2725,1512.8399658203125
1876,2726,1522.18994140625
1877,2727,1502.56005859375
1878,2730,1497.739990234375
1879,2731,1492.8900146484375
1880,2732,1506.3399658203125
1881,2733,1505.7099609375
1882,2734,1503.3499755859375
1883,2737,1519.4300537109375
1884,2738,1524.8699951171875
1885,2740,1525.4000244140625
1886,2741,1530.43994140625
1887,2744,1531.8499755859375
1888,2745,1510.1199951171875
1889,2746,1518.760009765625
1890,2747,1547.699951171875
1891,2748,1552.5
1892,2751,1549.52001953125
1893,2752,1549.3699951171875
1894,2753,1546.1700439453125
1895,2754,1553.0799560546875
1896,2755,1534.0999755859375
1897,2758,1541.5699462890625
1898,2759,1511.0400390625
1899,2760,1518.0899658203125
1900,2761,1482.6600341796875
1901,2762,1458.949951171875
1902,2765,1473.9100341796875
1903,2766,1455.27001953125
1904,2767,1465.81005859375
1905,2768,1472.199951171875
1906,2769,1433.06005859375
1907,2772,1467.6700439453125
1908,2773,1476.7099609375
1909,2774,1497.489990234375
1910,2775,1453.0899658203125
1911,2776,1453.6400146484375
1912,2779,1452.9200439453125
1913,2780,1426.5400390625
1914,2781,1406.699951171875
1915,2782,1411.27001953125
1916,2783,1445.93994140625
1917,2786,1445.550048828125
1918,2787,1447.1199951171875
1919,2788,1464.0699462890625
1920,2789,1462.5
1921,2790,1479.3699951171875
1922,2793,1466.7900390625
1923,2794,1432.3599853515625
1924,2795,1463.760009765625
1925,2796,1457.6400146484375
1926,2797,1473.989990234375
1927,2801,1489.4200439453125
1928,2802,1472.2900390625
1929,2803,1478.550048828125
1930,2804,1453.550048828125
1931,2807,1451.699951171875
1932,2808,1471.489990234375
1933,2809,1471.56005859375
1934,2810,1483.949951171875
1935,2811,1484.25
1936,2814,1476.6500244140625
1937,2815,1519.780029296875
1938,2816,1529.030029296875
1939,2817,1518.75
1940,2818,1525.75
1941,2821,1517.72998046875
1942,2822,1517.2099609375
1943,2823,1525.4200439453125
1944,2824,1531.3800048828125
1945,2825,1526.75
1946,2828,1547.0400390625
1947,2829,1546.6300048828125
1948,2830,1539.5899658203125
1949,2831,1542.8399658203125
1950,2832,1557.5899658203125
1951,2835,1552.5799560546875
1952,2836,1565.1500244140625
1953,2837,1562.469970703125
1954,2838,1554.4100341796875
1955,2839,1561.800048828125
1956,2842,1548.7099609375
1957,2843,1538.530029296875
1958,2844,1541.239990234375
1959,2845,1540.0799560546875
1960,2846,1500.6300048828125
1961,2849,1506.3299560546875
1962,2850,1519.5899658203125
1963,2851,1515.8800048828125
1964,2852,1514.4000244140625
1965,2853,1535.280029296875
1966,2856,1540.97998046875
1967,2857,1531.02001953125
1968,2858,1549.3800048828125
1969,2859,1508.43994140625
1970,2860,1509.6500244140625
1971,2863,1502.1700439453125
1972,2864,1520.27001953125
1973,2865,1475.6199951171875
1974,2866,1474.77001953125
1975,2867,1453.699951171875
1976,2870,1439.1800537109375
1977,2871,1481.050048828125
1978,2872,1470.5799560546875
1979,2873,1451.1500244140625
1980,2874,1458.739990234375
1981,2877,1433.27001953125
1982,2878,1439.699951171875
1983,2879,1416.77001953125
1984,2881,1440.699951171875
1985,2884,1407.219970703125
1986,2885,1428.22998046875
1987,2886,1469.02001953125
1988,2887,1469.719970703125
1989,2888,1481.1400146484375
1990,2891,1472.4200439453125
1991,2892,1462.7900390625
1992,2893,1485.010009765625
1993,2894,1507.3399658203125
1994,2895,1504.6600341796875
1995,2898,1515.9599609375
1996,2899,1477.6500244140625
1997,2900,1486.5899658203125
1998,2901,1488.4100341796875
1999,2902,1467.949951171875
2000,2905,1445.9000244140625
2001,2906,1454.97998046875
2002,2907,1453.0
2003,2908,1460.1199951171875
2004,2909,1484.4599609375
2005,2912,1496.449951171875
2006,2914,1497.6600341796875
2007,2915,1476.27001953125
2008,2916,1478.489990234375
2009,2919,1468.3599853515625
2010,2921,1447.1600341796875
2011,2922,1447.1600341796875
2012,2923,1411.6300048828125
2013,2926,1416.1800537109375
2014,2927,1390.18994140625
2015,2928,1409.1300048828125
2016,2929,1420.3299560546875
2017,2930,1401.02001953125
2018,2933,1416.25
2019,2934,1380.949951171875
2020,2935,1373.199951171875
2021,2936,1333.25
2022,2937,1325.18994140625
2023,2941,1310.5
2024,2942,1338.5999755859375
2025,2943,1352.0699462890625
2026,2944,1330.6099853515625
2027,2947,1353.9599609375
2028,2948,1362.300048828125
2029,2949,1355.81005859375
2030,2950,1378.550048828125
2031,2951,1395.4200439453125
2032,2954,1380.8199462890625
2033,2955,1336.6400146484375
2034,2956,1326.449951171875
2035,2957,1336.9100341796875
2036,2958,1331.2900390625
2037,2961,1339.1300048828125
2038,2962,1348.8599853515625
2039,2963,1367.2099609375
2040,2964,1348.8599853515625
2041,2965,1349.989990234375
2042,2969,1348.780029296875
2043,2970,1360.030029296875
2044,2971,1342.530029296875
2045,2972,1353.1099853515625
2046,2975,1371.800048828125
2047,2976,1381.2900390625
2048,2977,1380.02001953125
2049,2978,1367.6800537109375
2050,2979,1330.6300048828125
2051,2982,1331.3399658203125
2052,2983,1326.75
2053,2984,1333.699951171875
2054,2985,1304.3399658203125
2055,2986,1293.3699951171875
2056,2989,1273.3699951171875
2057,2990,1320.6500244140625
2058,2991,1308.77001953125
2059,2992,1315.47998046875
2060,2993,1288.1400146484375
2061,2996,1276.5999755859375
2062,2997,1330.739990234375
2063,2998,1298.4200439453125
2064,2999,1329.510009765625
2065,3003,1349.8800048828125
2066,3004,1352.989990234375
2067,3005,1341.1300048828125
2068,3006,1325.760009765625
2069,3007,1315.219970703125
2070,3010,1322.699951171875
2071,3011,1370.1800537109375
2072,3012,1367.530029296875
2073,3013,1369.31005859375
2074,3014,1370.4000244140625
2075,3017,1372.5400390625
2076,3018,1365.5400390625
2077,3019,1354.489990234375
2078,3020,1360.550048828125
2079,3021,1332.8299560546875
2080,3024,1328.3199462890625
2081,3025,1334.4300537109375
2082,3026,1364.7099609375
2083,3027,1365.56005859375
2084,3028,1390.3299560546875
2085,3031,1388.1700439453125
2086,3032,1375.93994140625
2087,3033,1379.9300537109375
2088,3034,1388.8199462890625
2089,3035,1397.8399658203125
2090,3038,1396.3699951171875
2091,3039,1390.93994140625
2092,3040,1385.5899658203125
2093,3041,1409.3399658203125
2094,3042,1413.9000244140625
2095,3045,1407.489990234375
2096,3046,1418.260009765625
2097,3047,1392.5699462890625
2098,3048,1397.6800537109375
2099,3049,1388.280029296875
2100,3052,1403.5799560546875
2101,3053,1403.0400390625
2102,3054,1408.6600341796875
2103,3055,1423.5699462890625
2104,3056,1425.3499755859375
2105,3059,1426.6300048828125
2106,3060,1413.4000244140625
2107,3061,1390.7099609375
2108,3062,1394.3499755859375
2109,3063,1375.9300537109375
2110,3067,1385.3499755859375
2111,3068,1390.8399658203125
2112,3069,1398.260009765625
2113,3070,1400.3800048828125
2114,3073,1385.6700439453125
2115,3074,1377.6500244140625
2116,3075,1377.199951171875
2117,3076,1404.050048828125
2118,3077,1360.6800537109375
2119,3080,1361.760009765625
2120,3081,1358.43994140625
2121,3082,1335.489990234375
2122,3083,1339.8699951171875
2123,3084,1360.030029296875
2124,3087,1360.1400146484375
2125,3088,1350.9300537109375
2126,3089,1337.81005859375
2127,3090,1342.8299560546875
2128,3091,1317.9300537109375
2129,3094,1318.0
2130,3095,1314.2900390625
2131,3096,1321.969970703125
2132,3097,1283.1500244140625
2133,3098,1278.3800048828125
2134,3101,1280.0
2135,3102,1284.9100341796875
2136,3103,1261.52001953125
2137,3104,1262.9000244140625
2138,3108,1252.31005859375
2139,3109,1273.699951171875
2140,3110,1244.68994140625
2141,3111,1253.3900146484375
2142,3112,1239.489990234375
2143,3115,1228.300048828125
2144,3116,1214.9100341796875
2145,3117,1245.3599853515625
2146,3118,1260.3199462890625
2147,3119,1260.6800537109375
2148,3122,1260.0
2149,3123,1277.0
2150,3124,1282.18994140625
2151,3125,1252.5400390625
2152,3126,1257.760009765625
2153,3129,1234.3699951171875
2154,3130,1263.199951171875
2155,3131,1284.260009765625
2156,3132,1267.3800048828125
2157,3133,1260.31005859375
2158,3136,1249.010009765625
2159,3137,1284.8800048828125
2160,3138,1289.18994140625
2161,3139,1266.0699462890625
2162,3140,1296.3199462890625
2163,3143,1305.3199462890625
2164,3144,1289.5899658203125
2165,3145,1285.8299560546875
2166,3146,1292.9300537109375
2167,3147,1298.199951171875
2168,3150,1278.5999755859375
2169,3151,1266.68994140625
2170,3152,1274.5400390625
2171,3153,1277.719970703125
2172,3154,1292.199951171875
2173,3157,1266.8399658203125
2174,3158,1271.510009765625
2175,3159,1281.6600341796875
2176,3160,1300.6800537109375
2177,3161,1282.8299560546875
2178,3165,1277.5799560546875
2179,3166,1274.97998046875
2180,3167,1236.8299560546875
2181,3168,1242.31005859375
2182,3171,1267.7900390625
2183,3172,1224.510009765625
2184,3173,1232.0400390625
2185,3174,1249.050048828125
2186,3175,1251.699951171875
2187,3178,1192.699951171875
2188,3179,1213.5999755859375
2189,3180,1156.3900146484375
2190,3181,1206.510009765625
2191,3182,1255.0799560546875
2192,3185,1207.0899658203125
2193,3186,1188.219970703125
2194,3187,1185.8699951171875
2195,3188,1209.1800537109375
2196,3189,1213.27001953125
2197,3192,1106.4200439453125
2198,3193,1166.3599853515625
2199,3194,1161.06005859375
2200,3195,1114.280029296875
2201,3196,1099.22998046875
2202,3199,1056.8900146484375
2203,3200,996.22998046875
2204,3201,984.9400024414062
2205,3202,909.9199829101562
2206,3203,899.219970703125
2207,3206,1003.3499755859375
2208,3207,998.010009765625
2209,3208,907.8400268554688
2210,3209,946.4299926757812
2211,3210,940.5499877929688
2212,3213,985.4000244140625
2213,3214,955.0499877929688
2214,3215,896.780029296875
2215,3216,908.1099853515625
2216,3217,876.77001953125
2217,3220,848.9199829101562
2218,3221,940.510009765625
2219,3222,930.0900268554688
2220,3223,954.0900268554688
2221,3224,968.75
2222,3227,966.2999877929688
2223,3228,1005.75
2224,3229,952.77001953125
2225,3230,904.8800048828125
2226,3231,930.989990234375
2227,3234,919.2100219726562
2228,3235,898.9500122070312
2229,3236,852.2999877929688
2230,3237,911.2899780273438
2231,3238,873.2899780273438
2232,3241,850.75
2233,3242,859.1199951171875
2234,3243,806.5800170898438
2235,3244,752.4400024414062
2236,3245,800.030029296875
2237,3248,851.8099975585938
2238,3249,857.3900146484375
2239,3250,887.6799926757812
2240,3252,896.239990234375
2241,3255,816.2100219726562
2242,3256,848.8099975585938
2243,3257,870.739990234375
2244,3258,845.219970703125
2245,3259,876.0700073242188
2246,3262,909.7000122070312
2247,3263,888.6699829101562
2248,3264,899.239990234375
2249,3265,873.5900268554688
2250,3266,879.72998046875
2251,3269,868.5700073242188
2252,3270,913.1799926757812
2253,3271,904.4199829101562
2254,3272,885.280029296875
2255,3273,887.8800048828125
2256,3276,871.6300048828125
2257,3277,863.1599731445312
2258,3278,868.1500244140625
2259,3280,872.7999877929688
2260,3283,869.4199829101562
2261,3284,890.6400146484375
2262,3285,903.25
2263,3287,931.7999877929688
2264,3290,927.4500122070312
2265,3291,934.7000122070312
2266,3292,906.6500244140625
2267,3293,909.72998046875
2268,3294,890.3499755859375
2269,3297,870.260009765625
2270,3298,871.7899780273438
2271,3299,842.6199951171875
2272,3300,843.739990234375
2273,3301,850.1199951171875
2274,3305,805.219970703125
2275,3306,840.239990234375
2276,3307,827.5
2277,3308,831.9500122070312
2278,3311,836.5700073242188
2279,3312,845.7100219726562
2280,3313,874.0900268554688
2281,3314,845.1400146484375
2282,3315,825.8800048828125
2283,3318,825.4400024414062
2284,3319,838.510009765625
2285,3320,832.22998046875
2286,3321,845.8499755859375
2287,3322,868.5999755859375
2288,3325,869.8900146484375
2289,3326,827.1599731445312
2290,3327,833.739990234375
2291,3328,835.1900024414062
2292,3329,826.8400268554688
2293,3333,789.1699829101562
2294,3334,788.4199829101562
2295,3335,778.9400024414062
2296,3336,770.0499877929688
2297,3339,743.3300170898438
2298,3340,773.1400146484375
2299,3341,764.9000244140625
2300,3342,752.8300170898438
2301,3343,735.0900268554688
2302,3346,700.8200073242188
2303,3347,696.3300170898438
2304,3348,712.8699951171875
2305,3349,682.5499877929688
2306,3350,683.3800048828125
2307,3353,676.530029296875
2308,3354,719.5999755859375
2309,3355,721.3599853515625
2310,3356,750.739990234375
2311,3357,756.5499877929688
2312,3360,753.8900146484375
2313,3361,778.1199951171875
2314,3362,794.3499755859375
2315,3363,784.0399780273438
2316,3364,768.5399780273438
2317,3367,822.9199829101562
2318,3368,806.1199951171875
2319,3369,813.8800048828125
2320,3370,832.8599853515625
2321,3371,815.9400024414062
2322,3374,787.530029296875
2323,3375,797.8699951171875
2324,3376,811.0800170898438
2325,3377,834.3800048828125
2326,3378,842.5
2327,3381,835.47998046875
2328,3382,815.5499877929688
2329,3383,825.1599731445312
2330,3384,856.5599975585938
2331,3388,858.72998046875
2332,3389,841.5
2333,3390,852.0599975585938
2334,3391,865.2999877929688
2335,3392,869.5999755859375
2336,3395,832.3900146484375
2337,3396,850.0800170898438
2338,3397,843.5499877929688
2339,3398,851.9199829101562
2340,3399,866.22998046875
2341,3402,857.510009765625
2342,3403,855.1599731445312
2343,3404,873.6400146484375
2344,3405,872.8099975585938
2345,3406,877.52001953125
2346,3409,907.239990234375
2347,3410,903.7999877929688
2348,3411,919.530029296875
2349,3412,907.3900146484375
2350,3413,929.22998046875
2351,3416,909.239990234375
2352,3417,908.3499755859375
2353,3418,883.9199829101562
2354,3419,893.0700073242188
2355,3420,882.8800048828125
2356,3423,909.7100219726562
2357,3424,908.1300048828125
2358,3425,903.469970703125
2359,3426,888.3300170898438
2360,3427,887.0
2361,3431,910.3300170898438
2362,3432,893.0599975585938
2363,3433,906.8300170898438
2364,3434,919.1400146484375
2365,3437,942.8699951171875
2366,3438,944.739990234375
2367,3439,931.760009765625
2368,3440,942.4600219726562
2369,3441,940.0900268554688
2370,3444,939.1400146484375
2371,3445,942.4299926757812
2372,3446,939.1500244140625
2373,3447,944.8900146484375
2374,3448,946.2100219726562
2375,3451,923.719970703125
2376,3452,911.969970703125
2377,3453,910.7100219726562
2378,3454,918.3699951171875
2379,3455,921.22998046875
2380,3458,893.0399780273438
2381,3459,895.0999755859375
2382,3460,900.9400024414062
2383,3461,920.260009765625
2384,3462,918.9000244140625
2385,3465,927.22998046875
2386,3466,919.3200073242188
2387,3467,923.3300170898438
2388,3468,896.4199829101562
2389,3472,898.719970703125
2390,3473,881.030029296875
2391,3474,879.5599975585938
2392,3475,882.6799926757812
2393,3476,879.1300048828125
2394,3479,901.0499877929688
2395,3480,905.8400268554688
2396,3481,932.6799926757812
2397,3482,940.739990234375
2398,3483,940.3800048828125
2399,3486,951.1300048828125
2400,3487,954.5800170898438
2401,3488,954.0700073242188
2402,3489,976.2899780273438
2403,3490,979.260009765625
2404,3493,982.1799926757812
2405,3494,979.6199951171875
2406,3495,975.1500244140625
2407,3496,986.75
2408,3497,987.47998046875
2409,3500,1002.6300048828125
2410,3501,1005.6500244140625
2411,3502,1002.719970703125
2412,3503,997.0800170898438
2413,3504,1010.47998046875
2414,3507,1007.0999755859375
2415,3508,994.3499755859375
2416,3509,1005.8099975585938
2417,3510,1012.72998046875
2418,3511,1004.0900268554688
2419,3514,979.72998046875
2420,3515,989.6699829101562
2421,3516,996.4600219726562
2422,3517,1007.3699951171875
2423,3518,1026.1300048828125
2424,3521,1025.5699462890625
2425,3522,1028.0
2426,3523,1028.1199951171875
2427,3524,1030.97998046875
2428,3525,1028.9300537109375
2429,3528,1020.6199951171875
2430,3529,998.0399780273438
2431,3530,994.75
2432,3531,1003.239990234375
2433,3532,1016.4000244140625
2434,3536,1025.3900146484375
2435,3537,1033.3699951171875
2436,3538,1044.1400146484375
2437,3539,1042.72998046875
2438,3542,1049.3399658203125
2439,3543,1052.6300048828125
2440,3544,1068.760009765625
2441,3545,1065.489990234375
2442,3546,1068.300048828125
2443,3549,1064.6600341796875
2444,3550,1071.6600341796875
2445,3551,1060.8699951171875
2446,3552,1050.780029296875
2447,3553,1044.3800048828125
2448,3556,1062.97998046875
2449,3557,1060.6099853515625
2450,3558,1057.0799560546875
2451,3559,1029.8499755859375
2452,3560,1025.2099609375
2453,3563,1040.4599609375
2454,3564,1054.719970703125
2455,3565,1057.5799560546875
2456,3566,1065.47998046875
2457,3567,1071.489990234375
2458,3570,1076.18994140625
2459,3571,1073.18994140625
2460,3572,1092.02001953125
2461,3573,1096.56005859375
2462,3574,1087.6800537109375
2463,3577,1097.9100341796875
2464,3578,1091.06005859375
2465,3579,1081.4000244140625
2466,3580,1092.9100341796875
2467,3581,1079.5999755859375
2468,3584,1066.949951171875
2469,3585,1063.4100341796875
2470,3586,1042.6300048828125
2471,3587,1066.1099853515625
2472,3588,1036.18994140625
2473,3591,1042.8800048828125
2474,3592,1045.4100341796875
2475,3593,1046.5
2476,3594,1066.6300048828125
2477,3595,1069.300048828125
2478,3598,1093.0799560546875
2479,3599,1093.010009765625
2480,3600,1098.510009765625
2481,3601,1087.239990234375
2482,3602,1093.47998046875
2483,3605,1109.300048828125
2484,3606,1110.3199462890625
2485,3607,1109.800048828125
2486,3608,1094.9000244140625
2487,3609,1091.3800048828125
2488,3612,1106.239990234375
2489,3613,1105.6500244140625
2490,3614,1110.6300048828125
2491,3616,1091.489990234375
2492,3619,1095.6300048828125
2493,3620,1108.8599853515625
2494,3621,1109.239990234375
2495,3622,1099.9200439453125
2496,3623,1105.97998046875
2497,3626,1103.25
2498,3627,1091.93994140625
2499,3628,1095.949951171875
2500,3629,1102.3499755859375
2501,3630,1106.4100341796875
2502,3633,1114.1099853515625
2503,3634,1107.9300537109375
2504,3635,1109.1800537109375
2505,3636,1096.0799560546875
2506,3637,1102.469970703125
2507,3640,1114.050048828125
2508,3641,1118.02001953125
2509,3642,1120.5899658203125
2510,3643,1126.47998046875
2511,3647,1127.780029296875
2512,3648,1126.199951171875
2513,3649,1126.4200439453125
2514,3650,1115.0999755859375
2515,3654,1132.989990234375
2516,3655,1136.52001953125
2517,3656,1137.1400146484375
2518,3657,1141.68994140625
2519,3658,1144.97998046875
2520,3661,1146.97998046875
2521,3662,1136.219970703125
2522,3663,1145.6800537109375
2523,3664,1148.4599609375
2524,3665,1136.030029296875
2525,3669,1150.22998046875
2526,3670,1138.0400390625
2527,3671,1116.47998046875
2528,3672,1091.760009765625
2529,3675,1096.780029296875
2530,3676,1092.1700439453125
2531,3677,1097.5
2532,3678,1084.530029296875
2533,3679,1073.8699951171875
2534,3682,1089.18994140625
2535,3683,1103.3199462890625
2536,3684,1097.280029296875
2537,3685,1063.1099853515625
2538,3686,1066.18994140625
2539,3689,1056.739990234375
2540,3690,1070.52001953125
2541,3691,1068.1300048828125
2542,3692,1078.469970703125
2543,3693,1075.510009765625
2544,3697,1094.8699951171875
2545,3698,1099.510009765625
2546,3699,1106.75
2547,3700,1109.1700439453125
2548,3703,1108.010009765625
2549,3704,1094.5999755859375
2550,3705,1105.239990234375
2551,3706,1102.93994140625
2552,3707,1104.489990234375
2553,3710,1115.7099609375
2554,3711,1118.31005859375
2555,3712,1118.7900390625
2556,3713,1122.969970703125
2557,3714,1138.699951171875
2558,3717,1138.5
2559,3718,1140.449951171875
2560,3719,1145.6099853515625
2561,3720,1150.239990234375
2562,3721,1149.989990234375
2563,3724,1150.510009765625
2564,3725,1159.4599609375
2565,3726,1166.2099609375
2566,3727,1165.8299560546875
2567,3728,1159.9000244140625
2568,3731,1165.81005859375
2569,3732,1174.1700439453125
2570,3733,1167.719970703125
2571,3734,1165.72998046875
2572,3735,1166.5899658203125
2573,3738,1173.219970703125
2574,3739,1173.27001953125
2575,3740,1169.4300537109375
2576,3741,1178.0999755859375
2577,3745,1187.43994140625
2578,3746,1189.43994140625
2579,3747,1182.449951171875
2580,3748,1186.43994140625
2581,3749,1194.3699951171875
2582,3752,1196.47998046875
2583,3753,1197.300048828125
2584,3754,1210.6500244140625
2585,3755,1211.6700439453125
2586,3756,1192.1300048828125
2587,3759,1197.52001953125
2588,3760,1207.1700439453125
2589,3761,1205.93994140625
2590,3762,1208.6700439453125
2591,3763,1217.280029296875
2592,3766,1212.050048828125
2593,3767,1183.7099609375
2594,3768,1191.3599853515625
2595,3769,1206.780029296875
2596,3770,1186.68994140625
2597,3773,1202.260009765625
2598,3774,1173.5999755859375
2599,3775,1165.8699951171875
2600,3776,1128.1500244140625
2601,3777,1110.8800048828125
2602,3780,1159.72998046875
2603,3781,1155.7900390625
2604,3782,1171.6700439453125
2605,3783,1157.43994140625
2606,3784,1135.6800537109375
2607,3787,1136.93994140625
2608,3788,1120.800048828125
2609,3789,1115.050048828125
2610,3790,1071.5899658203125
2611,3791,1087.68994140625
2612,3794,1073.6500244140625
2613,3795,1074.030029296875
2614,3796,1067.949951171875
2615,3797,1103.06005859375
2616,3798,1089.4100341796875
2617,3802,1070.7099609375
2618,3803,1098.3800048828125
2619,3804,1102.8299560546875
2620,3805,1064.8800048828125
2621,3808,1050.469970703125
2622,3809,1062.0
2623,3810,1055.68994140625
2624,3811,1086.8399658203125
2625,3812,1091.5999755859375
2626,3815,1089.6300048828125
2627,3816,1115.22998046875
2628,3817,1114.6099853515625
2629,3818,1116.0400390625
2630,3819,1117.510009765625
2631,3822,1113.199951171875
2632,3823,1095.31005859375
2633,3824,1092.0400390625
2634,3825,1073.68994140625
2635,3826,1076.760009765625
2636,3829,1074.5699462890625
2637,3830,1041.239990234375
2638,3831,1030.7099609375
2639,3832,1027.3699951171875
2640,3833,1022.5800170898438
2641,3837,1028.06005859375
2642,3838,1060.27001953125
2643,3839,1070.25
2644,3840,1077.9599609375
2645,3843,1078.75
2646,3844,1095.3399658203125
2647,3845,1095.1700439453125
2648,3846,1096.47998046875
2649,3847,1064.8800048828125
2650,3850,1071.25
2651,3851,1083.47998046875
2652,3852,1069.5899658203125
2653,3853,1093.6700439453125
2654,3854,1102.6600341796875
2655,3857,1115.010009765625
2656,3858,1113.8399658203125
2657,3859,1106.1300048828125
2658,3860,1101.530029296875
2659,3861,1101.5999755859375
2660,3864,1125.8599853515625
2661,3865,1120.4599609375
2662,3866,1127.239990234375
2663,3867,1125.81005859375
2664,3868,1121.6400146484375
2665,3871,1127.7900390625
2666,3872,1121.06005859375
2667,3873,1089.469970703125
2668,3874,1083.6099853515625
2669,3875,1079.25
2670,3878,1079.3800048828125
2671,3879,1092.5400390625
2672,3880,1094.1600341796875
2673,3881,1075.6300048828125
2674,3882,1071.68994140625
2675,3885,1067.3599853515625
2676,3886,1051.8699951171875
2677,3887,1055.3299560546875
2678,3888,1047.219970703125
2679,3889,1064.5899658203125
2680,3892,1048.9200439453125
2681,3893,1049.3299560546875
2682,3894,1080.2900390625
2683,3895,1090.0999755859375
2684,3896,1104.510009765625
2685,3900,1091.8399658203125
2686,3901,1098.8699951171875
2687,3902,1104.1800537109375
2688,3903,1109.550048828125
2689,3906,1121.9000244140625
2690,3907,1121.0999755859375
2691,3908,1125.0699462890625
2692,3909,1124.6600341796875
2693,3910,1125.5899658203125
2694,3913,1142.7099609375
2695,3914,1139.780029296875
2696,3915,1134.280029296875
2697,3916,1124.8299560546875
2698,3917,1148.6700439453125
2699,3920,1142.1600341796875
2700,3921,1147.699951171875
2701,3922,1144.72998046875
2702,3923,1141.199951171875
2703,3924,1146.239990234375
2704,3927,1137.030029296875
2705,3928,1160.75
2706,3929,1159.969970703125
2707,3930,1158.06005859375
2708,3931,1165.1500244140625
2709,3934,1165.3199462890625
2710,3935,1169.77001953125
2711,3936,1178.0999755859375
2712,3937,1173.81005859375
2713,3938,1176.18994140625
2714,3941,1184.7099609375
2715,3942,1165.9000244140625
2716,3943,1178.1700439453125
2717,3944,1180.260009765625
2718,3945,1183.0799560546875
2719,3948,1185.6199951171875
2720,3949,1185.6400146484375
2721,3950,1182.449951171875
2722,3951,1183.780029296875
2723,3952,1183.260009765625
2724,3955,1184.3800048828125
2725,3956,1193.5699462890625
2726,3957,1197.9599609375
2727,3958,1221.06005859375
2728,3959,1225.8499755859375
2729,3962,1223.25
2730,3963,1213.4000244140625
2731,3964,1218.7099609375
2732,3965,1213.5400390625
2733,3966,1199.2099609375
2734,3969,1197.75
2735,3970,1178.3399658203125
2736,3971,1178.5899658203125
2737,3972,1196.68994140625
2738,3973,1199.72998046875
2739,3976,1197.8399658203125
2740,3977,1180.72998046875
2741,3978,1198.3499755859375
2742,3980,1189.4000244140625
2743,3983,1187.760009765625
2744,3984,1180.550048828125
2745,3985,1206.0699462890625
2746,3986,1221.530029296875
2747,3987,1224.7099609375
2748,3990,1223.1199951171875
2749,3991,1223.75
2750,3992,1228.280029296875
2751,3993,1233.0
2752,3994,1240.4000244140625
2753,3997,1240.4599609375
2754,3998,1241.5899658203125
2755,3999,1235.22998046875
2756,4000,1242.8699951171875
2757,4001,1243.9100341796875
2758,4004,1247.0799560546875
2759,4005,1254.5999755859375
2760,4006,1258.8399658203125
2761,4007,1256.77001953125
2762,4011,1257.5400390625
2763,4012,1258.510009765625
2764,4013,1259.780029296875
2765,4014,1257.8800048828125
2766,4015,1257.6400146484375
2767,4018,1271.8699951171875
2768,4019,1270.199951171875
2769,4020,1276.56005859375
2770,4021,1273.8499755859375
2771,4022,1271.5
2772,4025,1269.75
2773,4026,1274.47998046875
2774,4027,1285.9599609375
2775,4028,1283.760009765625
2776,4029,1293.239990234375
2777,4033,1295.02001953125
2778,4034,1281.9200439453125
2779,4035,1280.260009765625
2780,4036,1283.3499755859375
2781,4039,1290.8399658203125
2782,4040,1291.1800537109375
2783,4041,1296.6300048828125
2784,4042,1299.5400390625
2785,4043,1276.3399658203125
2786,4046,1286.1199951171875
2787,4047,1307.5899658203125
2788,4048,1304.030029296875
2789,4049,1307.0999755859375
2790,4050,1310.8699951171875
2791,4053,1319.050048828125
2792,4054,1324.5699462890625
2793,4055,1320.8800048828125
2794,4056,1321.8699951171875
2795,4057,1329.1500244140625
2796,4060,1332.3199462890625
2797,4061,1328.010009765625
2798,4062,1336.3199462890625
2799,4063,1340.4300537109375
2800,4064,1343.010009765625
2801,4068,1315.43994140625
2802,4069,1307.4000244140625
2803,4070,1306.0999755859375
2804,4071,1319.8800048828125
2805,4074,1327.219970703125
2806,4075,1306.3299560546875
2807,4076,1308.43994140625
2808,4077,1330.969970703125
2809,4078,1321.1500244140625
2810,4081,1310.1300048828125
2811,4082,1321.8199462890625
2812,4083,1320.02001953125
2813,4084,1295.1099853515625
2814,4085,1304.280029296875
2815,4088,1296.3900146484375
2816,4089,1281.8699951171875
2817,4090,1256.8800048828125
2818,4091,1273.719970703125
2819,4092,1279.2099609375
2820,4095,1298.3800048828125
2821,4096,1293.77001953125
2822,4097,1297.5400390625
2823,4098,1309.6600341796875
2824,4099,1313.800048828125
2825,4102,1310.18994140625
2826,4103,1319.43994140625
2827,4104,1328.260009765625
2828,4105,1325.8299560546875
2829,4106,1332.4100341796875
2830,4109,1332.8699951171875
2831,4110,1332.6300048828125
2832,4111,1335.5400390625
2833,4112,1333.510009765625
2834,4113,1328.1700439453125
2835,4116,1324.4599609375
2836,4117,1314.1600341796875
2837,4118,1314.4100341796875
2838,4119,1314.52001953125
2839,4120,1319.6800537109375
2840,4123,1305.1400146484375
2841,4124,1312.6199951171875
2842,4125,1330.3599853515625
2843,4126,1337.3800048828125
2844,4130,1335.25
2845,4131,1347.239990234375
2846,4132,1355.6600341796875
2847,4133,1360.47998046875
2848,4134,1363.6099853515625
2849,4137,1361.219970703125
2850,4138,1356.6199951171875
2851,4139,1347.3199462890625
2852,4140,1335.0999755859375
2853,4141,1340.199951171875
2854,4144,1346.2900390625
2855,4145,1357.1600341796875
2856,4146,1342.0799560546875
2857,4147,1348.6500244140625
2858,4148,1337.77001953125
2859,4151,1329.469970703125
2860,4152,1328.97998046875
2861,4153,1340.6800537109375
2862,4154,1343.5999755859375
2863,4155,1333.27001953125
2864,4158,1317.3699951171875
2865,4159,1316.280029296875
2866,4160,1320.469970703125
2867,4161,1325.68994140625
2868,4162,1331.0999755859375
2869,4166,1345.199951171875
2870,4167,1314.550048828125
2871,4168,1312.93994140625
2872,4169,1300.1600341796875
2873,4172,1286.1700439453125
2874,4173,1284.93994140625
2875,4174,1279.56005859375
2876,4175,1289.0
2877,4176,1270.97998046875
2878,4179,1271.8299560546875
2879,4180,1287.8699951171875
2880,4181,1265.4200439453125
2881,4182,1267.6400146484375
2882,4183,1271.5
2883,4186,1278.3599853515625
2884,4187,1295.52001953125
2885,4188,1287.1400146484375
2886,4189,1283.5
2887,4190,1268.449951171875
2888,4193,1280.0999755859375
2889,4194,1296.6700439453125
2890,4195,1307.4100341796875
2891,4196,1320.6400146484375
2892,4197,1339.6700439453125
2893,4201,1337.8800048828125
2894,4202,1339.219970703125
2895,4203,1353.219970703125
2896,4204,1343.800048828125
2897,4207,1319.489990234375
2898,4208,1313.6400146484375
2899,4209,1317.719970703125
2900,4210,1308.8699951171875
2901,4211,1316.1400146484375
2902,4214,1305.43994140625
2903,4215,1326.72998046875
2904,4216,1325.8399658203125
2905,4217,1343.800048828125
2906,4218,1345.02001953125
2907,4221,1337.4300537109375
2908,4222,1331.93994140625
2909,4223,1304.8900146484375
2910,4224,1300.6700439453125
2911,4225,1292.280029296875
2912,4228,1286.93994140625
2913,4229,1254.050048828125
2914,4230,1260.3399658203125
2915,4231,1200.0699462890625
2916,4232,1199.3800048828125
2917,4235,1119.4599609375
2918,4236,1172.530029296875
2919,4237,1120.760009765625
2920,4238,1172.6400146484375
2921,4239,1178.81005859375
2922,4242,1204.489990234375
2923,4243,1192.760009765625
2924,4244,1193.8900146484375
2925,4245,1140.6500244140625
2926,4246,1123.530029296875
2927,4249,1123.8199462890625
2928,4250,1162.3499755859375
2929,4251,1177.5999755859375
2930,4252,1159.27001953125
2931,4253,1176.800048828125
2932,4256,1210.0799560546875
2933,4257,1212.9200439453125
2934,4258,1218.8900146484375
2935,4259,1204.4200439453125
2936,4260,1173.969970703125
2937,4264,1165.239990234375
2938,4265,1198.6199951171875
2939,4266,1185.9000244140625
2940,4267,1154.22998046875
2941,4270,1162.27001953125
2942,4271,1172.8699951171875
2943,4272,1188.6800537109375
2944,4273,1209.1099853515625
2945,4274,1216.010009765625
2946,4277,1204.0899658203125
2947,4278,1202.0899658203125
2948,4279,1166.760009765625
2949,4280,1129.56005859375
2950,4281,1136.4300537109375
2951,4284,1162.949951171875
2952,4285,1175.3800048828125
2953,4286,1151.06005859375
2954,4287,1160.4000244140625
2955,4288,1131.4200439453125
2956,4291,1099.22998046875
2957,4292,1123.949951171875
2958,4293,1144.030029296875
2959,4294,1164.969970703125
2960,4295,1155.4599609375
2961,4298,1194.8900146484375
2962,4299,1195.5400390625
2963,4300,1207.25
2964,4301,1203.6600341796875
2965,4302,1224.5799560546875
2966,4305,1200.8599853515625
2967,4306,1225.3800048828125
2968,4307,1209.8800048828125
2969,4308,1215.3900146484375
2970,4309,1238.25
2971,4312,1254.18994140625
2972,4313,1229.050048828125
2973,4314,1242.0
2974,4315,1284.5899658203125
2975,4316,1285.0899658203125
2976,4319,1253.300048828125
2977,4320,1218.280029296875
2978,4321,1237.9000244140625
2979,4322,1261.1500244140625
2980,4323,1253.22998046875
2981,4326,1261.1199951171875
2982,4327,1275.9200439453125
2983,4328,1229.0999755859375
2984,4329,1239.699951171875
2985,4330,1263.8499755859375
2986,4333,1251.780029296875
2987,4334,1257.81005859375
2988,4335,1236.9100341796875
2989,4336,1216.1300048828125
2990,4337,1215.6500244140625
2991,4340,1192.97998046875
2992,4341,1188.0400390625
2993,4342,1161.7900390625
2994,4344,1158.6700439453125
2995,4347,1192.550048828125
2996,4348,1195.18994140625
2997,4349,1246.9599609375
2998,4350,1244.5799560546875
2999,4351,1244.280029296875
3000,4354,1257.0799560546875
3001,4355,1258.469970703125
3002,4356,1261.010009765625
3003,4357,1234.3499755859375
3004,4358,1255.18994140625
3005,4361,1236.469970703125
3006,4362,1225.72998046875
3007,4363,1211.8199462890625
3008,4364,1215.75
3009,4365,1219.6600341796875
3010,4368,1205.3499755859375
3011,4369,1241.300048828125
3012,4370,1243.719970703125
3013,4371,1254.0
3014,4372,1265.3299560546875
3015,4376,1265.4300537109375
3016,4377,1249.6400146484375
3017,4378,1263.02001953125
3018,4379,1257.5999755859375
3019,4383,1277.06005859375
3020,4384,1277.300048828125
3021,4385,1281.06005859375
3022,4386,1277.81005859375
3023,4389,1280.699951171875
3024,4390,1292.0799560546875
3025,4391,1292.47998046875
3026,4392,1295.5
3027,4393,1289.0899658203125
3028,4397,1293.6700439453125
3029,4398,1308.0400390625
3030,4399,1314.5
3031,4400,1315.3800048828125
3032,4403,1316.0
3033,4404,1314.6500244140625
3034,4405,1326.06005859375
3035,4406,1318.4300537109375
3036,4407,1316.3299560546875
3037,4410,1313.010009765625
3038,4411,1312.4100341796875
3039,4412,1324.0899658203125
3040,4413,1325.5400390625
3041,4414,1344.9000244140625
3042,4417,1344.3299560546875
3043,4418,1347.050048828125
3044,4419,1349.9599609375
3045,4420,1351.949951171875
3046,4421,1342.6400146484375
3047,4424,1351.77001953125
3048,4425,1350.5
3049,4426,1343.22998046875
3050,4427,1358.0400390625
3051,4428,1361.22998046875
3052,4432,1362.2099609375
3053,4433,1357.6600341796875
3054,4434,1363.4599609375
3055,4435,1365.739990234375
3056,4438,1367.5899658203125
3057,4439,1372.1800537109375
3058,4440,1365.6800537109375
3059,4441,1374.0899658203125
3060,4442,1369.6300048828125
3061,4445,1364.3299560546875
3062,4446,1343.3599853515625
3063,4447,1352.6300048828125
3064,4448,1365.9100341796875
3065,4449,1370.8699951171875
3066,4452,1371.0899658203125
3067,4453,1395.949951171875
3068,4454,1394.280029296875
3069,4455,1402.5999755859375
3070,4456,1404.1700439453125
3071,4459,1409.75
3072,4460,1405.52001953125
3073,4461,1402.8900146484375
3074,4462,1392.780029296875
3075,4463,1397.1099853515625
3076,4466,1416.510009765625
3077,4467,1412.52001953125
3078,4468,1405.5400390625
3079,4469,1403.280029296875
3080,4470,1408.469970703125
3081,4473,1419.0400390625
3082,4474,1413.3800048828125
3083,4475,1398.9599609375
3084,4476,1398.0799560546875
3085,4480,1382.199951171875
3086,4481,1358.5899658203125
3087,4482,1368.7099609375
3088,4483,1387.5699462890625
3089,4484,1370.260009765625
3090,4487,1369.5699462890625
3091,4488,1390.780029296875
3092,4489,1385.1400146484375
3093,4490,1376.9200439453125
3094,4491,1378.530029296875
3095,4494,1366.93994140625
3096,4495,1371.969970703125
3097,4496,1390.68994140625
3098,4497,1399.97998046875
3099,4498,1403.3599853515625
3100,4501,1397.9100341796875
3101,4502,1405.8199462890625
3102,4503,1402.31005859375
3103,4504,1391.5699462890625
3104,4505,1369.0999755859375
3105,4508,1369.5799560546875
3106,4509,1363.719970703125
3107,4510,1354.5799560546875
3108,4511,1357.989990234375
3109,4512,1353.3900146484375
3110,4515,1338.3499755859375
3111,4516,1330.6600341796875
3112,4517,1324.800048828125
3113,4518,1304.8599853515625
3114,4519,1295.219970703125
3115,4522,1315.989990234375
3116,4523,1316.6300048828125
3117,4524,1318.8599853515625
3118,4525,1320.6800537109375
3119,4526,1317.8199462890625
3120,4530,1332.4200439453125
3121,4531,1313.3199462890625
3122,4532,1310.3299560546875
3123,4533,1278.0400390625
3124,4536,1278.1800537109375
3125,4537,1285.5
3126,4538,1315.1300048828125
3127,4539,1314.989990234375
3128,4540,1325.6600341796875
3129,4543,1308.9300537109375
3130,4544,1324.1800537109375
3131,4545,1314.8800048828125
3132,4546,1329.0999755859375
3133,4547,1342.8399658203125
3134,4550,1344.780029296875
3135,4551,1357.97998046875
3136,4552,1355.68994140625
3137,4553,1325.510009765625
3138,4554,1335.02001953125
3139,4557,1313.719970703125
3140,4558,1319.989990234375
3141,4559,1331.8499755859375
3142,4560,1329.0400390625
3143,4561,1362.1600341796875
3144,4564,1365.510009765625
3145,4565,1374.02001953125
3146,4567,1367.5799560546875
3147,4568,1354.6800537109375
3148,4571,1352.4599609375
3149,4572,1341.469970703125
3150,4573,1341.449951171875
3151,4574,1334.760009765625
3152,4575,1356.780029296875
3153,4578,1353.6400146484375
3154,4579,1363.6700439453125
3155,4580,1372.780029296875
3156,4581,1376.510009765625
3157,4582,1362.6600341796875
3158,4585,1350.52001953125
3159,4586,1338.31005859375
3160,4587,1337.8900146484375
3161,4588,1360.02001953125
3162,4589,1385.969970703125
3163,4592,1385.300048828125
3164,4593,1379.3199462890625
3165,4594,1375.3199462890625
3166,4595,1365.0
3167,4596,1390.989990234375
3168,4599,1394.22998046875
3169,4600,1401.3499755859375
3170,4601,1402.219970703125
3171,4602,1402.800048828125
3172,4603,1405.8699951171875
3173,4606,1404.1099853515625
3174,4607,1403.9300537109375
3175,4608,1405.530029296875
3176,4609,1415.510009765625
3177,4610,1418.1600341796875
3178,4613,1418.1300048828125
3179,4614,1413.1700439453125
3180,4615,1413.489990234375
3181,4616,1402.0799560546875
3182,4617,1411.1300048828125
3183,4620,1410.43994140625
3184,4621,1409.300048828125
3185,4622,1410.489990234375
3186,4623,1399.47998046875
3187,4624,1406.5799560546875
3188,4628,1404.93994140625
3189,4629,1403.43994140625
3190,4630,1432.1199951171875
3191,4631,1437.9200439453125
3192,4634,1429.0799560546875
3193,4635,1433.56005859375
3194,4636,1436.56005859375
3195,4637,1459.989990234375
3196,4638,1465.77001953125
3197,4641,1461.18994140625
3198,4642,1459.3199462890625
3199,4643,1461.050048828125
3200,4644,1460.260009765625
3201,4645,1460.1500244140625
3202,4648,1456.8900146484375
3203,4649,1441.5899658203125
3204,4650,1433.3199462890625
3205,4651,1447.1500244140625
3206,4652,1440.6700439453125
3207,4655,1444.489990234375
3208,4656,1445.75
3209,4657,1450.989990234375
3210,4658,1461.4000244140625
3211,4659,1460.9300537109375
3212,4662,1455.8800048828125
3213,4663,1441.47998046875
3214,4664,1432.56005859375
3215,4665,1432.8399658203125
3216,4666,1428.5899658203125
3217,4669,1440.1300048828125
3218,4670,1454.9200439453125
3219,4671,1460.9100341796875
3220,4672,1457.3399658203125
3221,4673,1433.18994140625
3222,4676,1433.8199462890625
3223,4677,1413.1099853515625
3224,4678,1408.75
3225,4679,1412.969970703125
3226,4680,1411.93994140625
3227,4685,1412.1600341796875
3228,4686,1427.5899658203125
3229,4687,1414.199951171875
3230,4690,1417.260009765625
3231,4691,1428.3900146484375
3232,4692,1394.530029296875
3233,4693,1377.510009765625
3234,4694,1379.8499755859375
3235,4697,1380.030029296875
3236,4698,1374.530029296875
3237,4699,1355.489990234375
3238,4700,1353.3299560546875
3239,4701,1359.8800048828125
3240,4704,1386.8900146484375
3241,4705,1387.81005859375
3242,4706,1391.030029296875
3243,4708,1409.1500244140625
3244,4711,1406.2900390625
3245,4712,1398.93994140625
3246,4713,1409.9300537109375
3247,4714,1415.949951171875
3248,4715,1416.1800537109375
3249,4718,1409.4599609375
3250,4719,1407.050048828125
3251,4720,1409.280029296875
3252,4721,1413.93994140625
3253,4722,1418.0699462890625
3254,4725,1418.550048828125
3255,4726,1427.8399658203125
3256,4727,1428.47998046875
3257,4728,1419.449951171875
3258,4729,1413.5799560546875
3259,4732,1430.3599853515625
3260,4733,1446.7900390625
3261,4734,1435.81005859375
3262,4735,1443.68994140625
3263,4736,1430.1500244140625
3264,4739,1426.6600341796875
3265,4741,1419.8299560546875
3266,4742,1418.0999755859375
3267,4743,1402.4300537109375
3268,4746,1426.18994140625
3269,4748,1462.4200439453125
3270,4749,1459.3699951171875
3271,4750,1466.469970703125
3272,4753,1461.8900146484375
3273,4754,1457.1500244140625
3274,4755,1461.02001953125
3275,4756,1472.1199951171875
3276,4757,1472.050048828125
3277,4760,1470.6800537109375
3278,4761,1472.3399658203125
3279,4762,1472.6300048828125
3280,4763,1480.93994140625
3281,4764,1485.97998046875
3282,4768,1492.56005859375
3283,4769,1494.81005859375
3284,4770,1494.8199462890625
3285,4771,1502.9599609375
3286,4774,1500.1800537109375
3287,4775,1507.8399658203125
3288,4776,1501.9599609375
3289,4777,1498.1099853515625
3290,4778,1513.1700439453125
3291,4781,1495.7099609375
3292,4782,1511.2900390625
3293,4783,1512.1199951171875
3294,4784,1509.3900146484375
3295,4785,1517.9300537109375
3296,4788,1517.010009765625
3297,4789,1519.4300537109375
3298,4790,1520.3299560546875
3299,4791,1521.3800048828125
3300,4792,1519.7900390625
3301,4796,1530.93994140625
3302,4797,1511.949951171875
3303,4798,1502.4200439453125
3304,4799,1515.5999755859375
3305,4802,1487.8499755859375
3306,4803,1496.93994140625
3307,4804,1515.989990234375
3308,4805,1514.6800537109375
3309,4806,1518.199951171875
3310,4809,1525.199951171875
3311,4810,1539.7900390625
3312,4811,1541.4599609375
3313,4812,1544.260009765625
3314,4813,1551.1800537109375
3315,4816,1556.219970703125
3316,4817,1552.47998046875
3317,4818,1554.52001953125
3318,4819,1563.22998046875
3319,4820,1560.699951171875
3320,4823,1552.0999755859375
3321,4824,1548.3399658203125
3322,4825,1558.7099609375
3323,4826,1545.800048828125
3324,4827,1556.8900146484375
3325,4830,1551.68994140625
3326,4831,1563.77001953125
3327,4832,1562.8499755859375
3328,4833,1569.18994140625
3329,4837,1562.1700439453125
3330,4838,1570.25
3331,4839,1553.68994140625
3332,4840,1559.97998046875
3333,4841,1553.280029296875
3334,4844,1563.0699462890625
3335,4845,1568.6099853515625
3336,4846,1587.72998046875
3337,4847,1593.3699951171875
3338,4848,1588.8499755859375
3339,4851,1552.3599853515625
3340,4852,1574.5699462890625
3341,4853,1552.010009765625
3342,4854,1541.6099853515625
3343,4855,1555.25
3344,4858,1562.5
3345,4859,1578.780029296875
3346,4860,1578.7900390625
3347,4861,1585.1600341796875
3348,4862,1582.239990234375
3349,4865,1593.6099853515625
3350,4866,1597.5699462890625
3351,4867,1582.699951171875
3352,4868,1597.5899658203125
3353,4869,1614.4200439453125
3354,4872,1617.5
3355,4873,1625.9599609375
3356,4874,1632.68994140625
3357,4875,1626.6700439453125
3358,4876,1633.699951171875
3359,4879,1633.77001953125
3360,4880,1650.3399658203125
3361,4881,1658.780029296875
3362,4882,1650.469970703125
3363,4883,1667.469970703125
3364,4886,1666.2900390625
3365,4887,1669.1600341796875
3366,4888,1655.3499755859375
3367,4889,1650.510009765625
3368,4890,1649.5999755859375
3369,4894,1660.06005859375
3370,4895,1648.3599853515625
3371,4896,1654.4100341796875
3372,4897,1630.739990234375
3373,4900,1640.4200439453125
3374,4901,1631.3800048828125
3375,4902,1608.9000244140625
3376,4903,1622.56005859375
3377,4904,1643.3800048828125
3378,4907,1642.81005859375
3379,4908,1626.1300048828125
3380,4909,1612.52001953125
3381,4910,1636.3599853515625
3382,4911,1626.72998046875
3383,4914,1639.0400390625
3384,4915,1651.81005859375
3385,4916,1628.9300537109375
3386,4917,1588.18994140625
3387,4918,1592.4300537109375
3388,4921,1573.0899658203125
3389,4922,1588.030029296875
3390,4923,1603.260009765625
3391,4924,1613.199951171875
3392,4925,1606.280029296875
3393,4928,1614.9599609375
3394,4929,1614.0799560546875
3395,4930,1615.4100341796875
3396,4932,1631.8900146484375
3397,4935,1640.4599609375
3398,4936,1652.3199462890625
3399,4937,1652.6199951171875
3400,4938,1675.02001953125
3401,4939,1680.18994140625
3402,4942,1682.5
3403,4943,1676.260009765625
3404,4944,1680.9100341796875
3405,4945,1689.3699951171875
3406,4946,1692.0899658203125
3407,4949,1695.530029296875
3408,4950,1692.3900146484375
3409,4951,1685.93994140625
3410,4952,1690.25
3411,4953,1691.6500244140625
3412,4956,1685.3299560546875
3413,4957,1685.9599609375
3414,4958,1685.72998046875
3415,4959,1706.8699951171875
3416,4960,1709.6700439453125
3417,4963,1707.1400146484375
3418,4964,1697.3699951171875
3419,4965,1690.9100341796875
3420,4966,1697.47998046875
3421,4967,1691.4200439453125
3422,4970,1689.469970703125
3423,4971,1694.1600341796875
3424,4972,1685.3900146484375
3425,4973,1661.3199462890625
3426,4974,1655.8299560546875
3427,4977,1646.06005859375
3428,4978,1652.3499755859375
3429,4979,1642.800048828125
3430,4980,1656.9599609375
3431,4981,1663.5
3432,4984,1656.780029296875
3433,4985,1630.47998046875
3434,4986,1634.9599609375
3435,4987,1638.1700439453125
3436,4988,1632.969970703125
3437,4992,1639.77001953125
3438,4993,1653.0799560546875
3439,4994,1655.0799560546875
3440,4995,1655.1700439453125
3441,4998,1671.7099609375
3442,4999,1683.989990234375
3443,5000,1689.1300048828125
3444,5001,1683.4200439453125
3445,5002,1687.989990234375
3446,5005,1697.5999755859375
3447,5006,1704.760009765625
3448,5007,1725.52001953125
3449,5008,1722.3399658203125
3450,5009,1709.9100341796875
3451,5012,1701.8399658203125
3452,5013,1697.4200439453125
3453,5014,1692.77001953125
3454,5015,1698.6700439453125
3455,5016,1691.75
3456,5019,1681.550048828125
3457,5020,1695.0
3458,5021,1693.8699951171875
3459,5022,1678.6600341796875
3460,5023,1690.5
3461,5026,1676.1199951171875
3462,5027,1655.449951171875
3463,5028,1656.4000244140625
3464,5029,1692.56005859375
3465,5030,1703.199951171875
3466,5033,1710.1400146484375
3467,5034,1698.06005859375
3468,5035,1721.5400390625
3469,5036,1733.1500244140625
3470,5037,1744.5
3471,5040,1744.6600341796875
3472,5041,1754.6700439453125
3473,5042,1746.3800048828125
3474,5043,1752.0699462890625
3475,5044,1759.77001953125
3476,5047,1762.1099853515625
3477,5048,1771.949951171875
3478,5049,1763.31005859375
3479,5050,1756.5400390625
3480,5051,1761.6400146484375
3481,5054,1767.9300537109375
3482,5055,1762.969970703125
3483,5056,1770.489990234375
3484,5057,1747.1500244140625
3485,5058,1770.6099853515625
3486,5061,1771.8900146484375
3487,5062,1767.68994140625
3488,5063,1782.0
3489,5064,1790.6199951171875
3490,5065,1798.1800537109375
3491,5068,1791.530029296875
3492,5069,1787.8699951171875
3493,5070,1781.3699951171875
3494,5071,1795.8499755859375
3495,5072,1804.760009765625
3496,5075,1802.47998046875
3497,5076,1802.75
3498,5077,1807.22998046875
3499,5079,1805.81005859375
3500,5082,1800.9000244140625
3501,5083,1795.1500244140625
3502,5084,1792.81005859375
3503,5085,1785.030029296875
3504,5086,1805.0899658203125
3505,5089,1808.3699951171875
3506,5090,1802.6199951171875
3507,5091,1782.219970703125
3508,5092,1775.5
3509,5093,1775.3199462890625
3510,5096,1786.5400390625
3511,5097,1781.0
3512,5098,1810.6500244140625
3513,5099,1809.5999755859375
3514,5100,1818.3199462890625
3515,5103,1827.989990234375
3516,5104,1833.3199462890625
3517,5106,1842.02001953125
3518,5107,1841.4000244140625
3519,5110,1841.0699462890625
3520,5111,1848.3599853515625
3521,5113,1831.97998046875
3522,5114,1831.3699951171875
3523,5117,1826.77001953125
3524,5118,1837.8800048828125
3525,5119,1837.489990234375
3526,5120,1838.1300048828125
3527,5121,1842.3699951171875
3528,5124,1819.199951171875
3529,5125,1838.8800048828125
3530,5126,1848.3800048828125
3531,5127,1845.8900146484375
3532,5128,1838.699951171875
3533,5132,1843.800048828125
3534,5133,1844.8599853515625
3535,5134,1828.4599609375
3536,5135,1790.2900390625
3537,5138,1781.56005859375
3538,5139,1792.5
3539,5140,1774.199951171875
3540,5141,1794.18994140625
3541,5142,1782.5899658203125
3542,5145,1741.8900146484375
3543,5146,1755.199951171875
3544,5147,1751.6400146484375
3545,5148,1773.4300537109375
3546,5149,1797.02001953125
3547,5152,1799.8399658203125
3548,5153,1819.75
3549,5154,1819.260009765625
3550,5155,1829.8299560546875
3551,5156,1838.6300048828125
3552,5160,1840.760009765625
3553,5161,1828.75
3554,5162,1839.780029296875
3555,5163,1836.25
3556,5166,1847.6099853515625
3557,5167,1845.1199951171875
3558,5168,1845.1600341796875
3559,5169,1854.2900390625
3560,5170,1859.449951171875
3561,5173,1845.72998046875
3562,5174,1873.9100341796875
3563,5175,1873.81005859375
3564,5176,1877.030029296875
3565,5177,1878.0400390625
3566,5180,1877.1700439453125
3567,5181,1867.6300048828125
3568,5182,1868.199951171875
3569,5183,1846.3399658203125
3570,5184,1841.1300048828125
3571,5187,1858.8299560546875
3572,5188,1872.25
3573,5189,1860.77001953125
3574,5190,1872.010009765625
3575,5191,1866.52001953125
3576,5194,1857.43994140625
3577,5195,1865.6199951171875
3578,5196,1852.56005859375
3579,5197,1849.0400390625
3580,5198,1857.6199951171875
3581,5201,1872.3399658203125
3582,5202,1885.52001953125
3583,5203,1890.9000244140625
3584,5204,1888.77001953125
3585,5205,1865.0899658203125
3586,5208,1845.0400390625
3587,5209,1851.9599609375
3588,5210,1872.1800537109375
3589,5211,1833.0799560546875
3590,5212,1815.68994140625
3591,5215,1830.6099853515625
3592,5216,1842.97998046875
3593,5217,1862.31005859375
3594,5218,1864.8499755859375
3595,5222,1871.8900146484375
3596,5223,1879.550048828125
3597,5224,1875.3900146484375
3598,5225,1878.6099853515625
3599,5226,1863.4000244140625
3600,5229,1869.4300537109375
3601,5230,1878.3299560546875
3602,5231,1883.949951171875
3603,5232,1883.6800537109375
3604,5233,1881.1400146484375
3605,5236,1884.6600341796875
3606,5237,1867.719970703125
3607,5238,1878.2099609375
3608,5239,1875.6300048828125
3609,5240,1878.47998046875
3610,5243,1896.6500244140625
3611,5244,1897.449951171875
3612,5245,1888.530029296875
3613,5246,1870.8499755859375
3614,5247,1877.8599853515625
3615,5250,1885.0799560546875
3616,5251,1872.8299560546875
3617,5252,1888.030029296875
3618,5253,1892.489990234375
3619,5254,1900.530029296875
3620,5258,1911.9100341796875
3621,5259,1909.780029296875
3622,5260,1920.030029296875
3623,5261,1923.5699462890625
3624,5264,1924.969970703125
3625,5265,1924.239990234375
3626,5266,1927.8800048828125
3627,5267,1940.4599609375
3628,5268,1949.43994140625
3629,5271,1951.27001953125
3630,5272,1950.7900390625
3631,5273,1943.8900146484375
3632,5274,1930.1099853515625
3633,5275,1936.1600341796875
3634,5278,1937.780029296875
3635,5279,1941.989990234375
3636,5280,1956.97998046875
3637,5281,1959.47998046875
3638,5282,1962.8699951171875
3639,5285,1962.6099853515625
3640,5286,1949.97998046875
3641,5287,1959.530029296875
3642,5288,1957.219970703125
3643,5289,1960.9599609375
3644,5292,1960.22998046875
3645,5293,1973.3199462890625
3646,5294,1974.6199951171875
3647,5295,1985.43994140625
3648,5299,1977.6500244140625
3649,5300,1963.7099609375
3650,5301,1972.8299560546875
3651,5302,1964.6800537109375
3652,5303,1967.5699462890625
3653,5306,1977.0999755859375
3654,5307,1973.280029296875
3655,5308,1981.5699462890625
3656,5309,1958.1199951171875
3657,5310,1978.219970703125
3658,5313,1973.6300048828125
3659,5314,1983.530029296875
3660,5315,1987.010009765625
3661,5316,1987.97998046875
3662,5317,1978.3399658203125
3663,5320,1978.9100341796875
3664,5321,1969.949951171875
3665,5322,1970.0699462890625
3666,5323,1930.6700439453125
3667,5324,1925.1500244140625
3668,5327,1938.989990234375
3669,5328,1920.2099609375
3670,5329,1920.239990234375
3671,5330,1909.5699462890625
3672,5331,1931.5899658203125
3673,5334,1936.9200439453125
3674,5335,1933.75
3675,5336,1946.719970703125
3676,5337,1955.1800537109375
3677,5338,1955.06005859375
3678,5341,1971.739990234375
3679,5342,1981.5999755859375
3680,5343,1986.510009765625
3681,5344,1992.3699951171875
3682,5345,1988.4000244140625
3683,5348,1997.9200439453125
3684,5349,2000.02001953125
3685,5350,2000.1199951171875
3686,5351,1996.739990234375
3687,5352,2003.3699951171875
3688,5356,2002.280029296875
3689,5357,2000.719970703125
3690,5358,1997.6500244140625
3691,5359,2007.7099609375
3692,5362,2001.5400390625
3693,5363,1988.43994140625
3694,5364,1995.68994140625
3695,5365,1997.449951171875
3696,5366,1985.5400390625
3697,5369,1984.1300048828125
3698,5370,1998.97998046875
3699,5371,2001.5699462890625
3700,5372,2011.3599853515625
3701,5373,2010.4000244140625
3702,5376,1994.2900390625
3703,5377,1982.77001953125
3704,5378,1998.300048828125
3705,5379,1965.989990234375
3706,5380,1982.8499755859375
3707,5383,1977.800048828125
3708,5384,1972.2900390625
3709,5385,1946.1600341796875
3710,5386,1946.1700439453125
3711,5387,1967.9000244140625
3712,5390,1964.8199462890625
3713,5391,1935.0999755859375
3714,5392,1968.8900146484375
3715,5393,1928.2099609375
3716,5394,1906.1300048828125
3717,5397,1874.739990234375
3718,5398,1877.699951171875
3719,5399,1862.489990234375
3720,5400,1862.760009765625
3721,5401,1886.760009765625
3722,5404,1904.010009765625
3723,5405,1941.280029296875
3724,5406,1927.1099853515625
3725,5407,1950.8199462890625
3726,5408,1964.5799560546875
3727,5411,1961.6300048828125
3728,5412,1985.050048828125
3729,5413,1982.300048828125
3730,5414,1994.6500244140625
3731,5415,2018.050048828125
3732,5418,2017.81005859375
3733,5419,2012.0999755859375
3734,5420,2023.5699462890625
3735,5421,2031.2099609375
3736,5422,2031.9200439453125
3737,5425,2038.260009765625
3738,5426,2039.6800537109375
3739,5427,2038.25
3740,5428,2039.3299560546875
3741,5429,2039.8199462890625
3742,5432,2041.3199462890625
3743,5433,2051.800048828125
3744,5434,2048.719970703125
3745,5435,2052.75
3746,5436,2063.5
3747,5439,2069.409912109375
3748,5440,2067.030029296875
3749,5441,2072.830078125
3750,5443,2067.56005859375
3751,5446,2053.43994140625
3752,5447,2066.550048828125
3753,5448,2074.330078125
3754,5449,2071.919921875
3755,5450,2075.3701171875
3756,5453,2060.31005859375
3757,5454,2059.820068359375
3758,5455,2026.1400146484375
3759,5456,2035.3299560546875
3760,5457,2002.3299560546875
3761,5460,1989.6300048828125
3762,5461,1972.739990234375
3763,5462,2012.8900146484375
3764,5463,2061.22998046875
3765,5464,2070.64990234375
3766,5467,2078.5400390625
3767,5468,2082.169921875
3768,5469,2081.8798828125
3769,5471,2088.77001953125
3770,5474,2090.570068359375
3771,5475,2080.35009765625
3772,5476,2058.89990234375
3773,5478,2058.199951171875
3774,5481,2020.5799560546875
3775,5482,2002.6099853515625
3776,5483,2025.9000244140625
3777,5484,2062.139892578125
3778,5485,2044.81005859375
3779,5488,2028.260009765625
3780,5489,2023.030029296875
3781,5490,2011.27001953125
3782,5491,1992.6700439453125
3783,5492,2019.4200439453125
3784,5496,2022.550048828125
3785,5497,2032.1199951171875
3786,5498,2063.14990234375
3787,5499,2051.820068359375
3788,5502,2057.090087890625
3789,5503,2029.550048828125
3790,5504,2002.1600341796875
3791,5505,2021.25
3792,5506,1994.989990234375
3793,5509,2020.8499755859375
3794,5510,2050.030029296875
3795,5511,2041.510009765625
3796,5512,2062.52001953125
3797,5513,2055.469970703125
3798,5516,2046.739990234375
3799,5517,2068.590087890625
3800,5518,2068.530029296875
3801,5519,2088.47998046875
3802,5520,2096.989990234375
3803,5524,2100.340087890625
3804,5525,2099.679931640625
3805,5526,2097.449951171875
3806,5527,2110.300048828125
3807,5530,2109.659912109375
3808,5531,2115.47998046875
3809,5532,2113.860107421875
3810,5533,2110.739990234375
3811,5534,2104.5
3812,5537,2117.389892578125
3813,5538,2107.780029296875
3814,5539,2098.530029296875
3815,5540,2101.0400390625
3816,5541,2071.260009765625
3817,5544,2079.429931640625
3818,5545,2044.1600341796875
3819,5546,2040.239990234375
3820,5547,2065.949951171875
3821,5548,2053.39990234375
3822,5551,2081.18994140625
3823,5552,2074.280029296875
3824,5553,2099.5
3825,5554,2089.27001953125
3826,5555,2108.10009765625
3827,5558,2104.419921875
3828,5559,2091.5
3829,5560,2061.050048828125
3830,5561,2056.14990234375
3831,5562,2061.02001953125
3832,5565,2086.239990234375
3833,5566,2067.889892578125
3834,5567,2059.68994140625
3835,5568,2066.9599609375
3836,5572,2080.6201171875
3837,5573,2076.330078125
3838,5574,2081.89990234375
3839,5575,2091.179931640625
3840,5576,2102.06005859375
3841,5579,2092.429931640625
3842,5580,2095.840087890625
3843,5581,2106.6298828125
3844,5582,2104.989990234375
3845,5583,2081.179931640625
3846,5586,2100.39990234375
3847,5587,2097.2900390625
3848,5588,2107.9599609375
3849,5589,2112.929931640625
3850,5590,2117.68994140625
3851,5593,2108.919921875
3852,5594,2114.760009765625
3853,5595,2106.85009765625
3854,5596,2085.510009765625
3855,5597,2108.2900390625
3856,5600,2114.489990234375
3857,5601,2089.4599609375
3858,5602,2080.14990234375
3859,5603,2088.0
3860,5604,2116.10009765625
3861,5607,2105.330078125
3862,5608,2099.1201171875
3863,5609,2098.47998046875
3864,5610,2121.10009765625
3865,5611,2122.72998046875
3866,5614,2129.199951171875
3867,5615,2127.830078125
3868,5616,2125.85009765625
3869,5617,2130.820068359375
3870,5618,2126.06005859375
3871,5622,2104.199951171875
3872,5623,2123.47998046875
3873,5624,2120.7900390625
3874,5625,2107.389892578125
3875,5628,2111.72998046875
3876,5629,2109.60009765625
3877,5630,2114.070068359375
3878,5631,2095.840087890625
3879,5632,2092.830078125
3880,5635,2079.280029296875
3881,5636,2080.14990234375
3882,5637,2105.199951171875
3883,5638,2108.860107421875
3884,5639,2094.110107421875
3885,5642,2084.429931640625
3886,5643,2096.2900390625
3887,5644,2100.43994140625
3888,5645,2121.239990234375
3889,5646,2109.989990234375
3890,5649,2122.85009765625
3891,5650,2124.199951171875
3892,5651,2108.580078125
3893,5652,2102.31005859375
3894,5653,2101.489990234375
3895,5656,2057.639892578125
3896,5657,2063.110107421875
3897,5658,2077.419921875
3898,5659,2076.780029296875
3899,5663,2068.760009765625
3900,5664,2081.340087890625
3901,5665,2046.6800537109375
3902,5666,2051.31005859375
3903,5667,2076.6201171875
3904,5670,2099.60009765625
3905,5671,2108.949951171875
3906,5672,2107.39990234375
3907,5673,2124.2900390625
3908,5674,2126.639892578125
3909,5677,2128.280029296875
3910,5678,2119.2099609375
3911,5679,2114.14990234375
3912,5680,2102.14990234375
3913,5681,2079.64990234375
3914,5684,2067.639892578125
3915,5685,2093.25
3916,5686,2108.570068359375
3917,5687,2108.6298828125
3918,5688,2103.840087890625
3919,5691,2098.0400390625
3920,5692,2093.320068359375
3921,5693,2099.840087890625
3922,5694,2083.56005859375
3923,5695,2077.570068359375
3924,5698,2104.179931640625
3925,5699,2084.070068359375
3926,5700,2086.050048828125
3927,5701,2083.389892578125
3928,5702,2091.5400390625
3929,5705,2102.43994140625
3930,5706,2096.919921875
3931,5707,2079.610107421875
3932,5708,2035.72998046875
3933,5709,1970.8900146484375
3934,5712,1893.2099609375
3935,5713,1867.6099853515625
3936,5714,1940.510009765625
3937,5715,1987.6600341796875
3938,5716,1988.8699951171875
3939,5719,1972.1800537109375
3940,5720,1913.8499755859375
3941,5721,1948.8599853515625
3942,5722,1951.1300048828125
3943,5723,1921.219970703125
3944,5727,1969.4100341796875
3945,5728,1942.0400390625
3946,5729,1952.2900390625
3947,5730,1961.050048828125
3948,5733,1953.030029296875
3949,5734,1978.0899658203125
3950,5735,1995.31005859375
3951,5736,1990.199951171875
3952,5737,1958.030029296875
3953,5740,1966.969970703125
3954,5741,1942.739990234375
3955,5742,1938.760009765625
3956,5743,1932.239990234375
3957,5744,1931.3399658203125
3958,5747,1881.77001953125
3959,5748,1884.0899658203125
3960,5749,1920.030029296875
3961,5750,1923.8199462890625
3962,5751,1951.3599853515625
3963,5754,1987.050048828125
3964,5755,1979.9200439453125
3965,5756,1995.8299560546875
3966,5757,2013.4300537109375
3967,5758,2014.8900146484375
3968,5761,2017.4599609375
3969,5762,2003.68994140625
3970,5763,1994.239990234375
3971,5764,2023.8599853515625
3972,5765,2033.1099853515625
3973,5768,2033.6600341796875
3974,5769,2030.77001953125
3975,5770,2018.93994140625
3976,5771,2052.510009765625
3977,5772,2075.14990234375
3978,5775,2071.179931640625
3979,5776,2065.889892578125
3980,5777,2090.35009765625
3981,5778,2089.409912109375
3982,5779,2079.360107421875
3983,5782,2104.050048828125
3984,5783,2109.7900390625
3985,5784,2102.31005859375
3986,5785,2099.929931640625
3987,5786,2099.199951171875
3988,5789,2078.580078125
3989,5790,2081.719970703125
3990,5791,2075.0
3991,5792,2045.969970703125
3992,5793,2023.0400390625
3993,5796,2053.18994140625
3994,5797,2050.43994140625
3995,5798,2083.580078125
3996,5799,2081.239990234375
3997,5800,2089.169921875
3998,5803,2086.590087890625
3999,5804,2089.139892578125
4000,5805,2088.8701171875
4001,5807,2090.110107421875
4002,5810,2080.409912109375
4003,5811,2102.6298828125
4004,5812,2079.510009765625
4005,5813,2049.6201171875
4006,5814,2091.68994140625
4007,5817,2077.070068359375
4008,5818,2063.590087890625
4009,5819,2047.6199951171875
4010,5820,2052.22998046875
4011,5821,2012.3699951171875
4012,5824,2021.93994140625
4013,5825,2043.4100341796875
4014,5826,2073.070068359375
4015,5827,2041.8900146484375
4016,5828,2005.550048828125
4017,5831,2021.1500244140625
4018,5832,2038.969970703125
4019,5833,2064.2900390625
4020,5834,2060.989990234375
4021,5838,2056.5
4022,5839,2078.360107421875
4023,5840,2063.360107421875
4024,5841,2043.93994140625
4025,5845,2012.6600341796875
4026,5846,2016.7099609375
4027,5847,1990.260009765625
4028,5848,1943.0899658203125
4029,5849,1922.030029296875
4030,5852,1923.6700439453125
4031,5853,1938.6800537109375
4032,5854,1890.280029296875
4033,5855,1921.8399658203125
4034,5856,1880.3299560546875
4035,5860,1881.3299560546875
4036,5861,1859.3299560546875
4037,5862,1868.989990234375
4038,5863,1906.9000244140625
4039,5866,1877.0799560546875
4040,5867,1903.6300048828125
4041,5868,1882.949951171875
4042,5869,1893.3599853515625
4043,5870,1940.239990234375
4044,5873,1939.3800048828125
4045,5874,1903.030029296875
4046,5875,1912.530029296875
4047,5876,1915.449951171875
4048,5877,1880.050048828125
4049,5880,1853.43994140625
4050,5881,1852.2099609375
4051,5882,1851.8599853515625
4052,5883,1829.0799560546875
4053,5884,1864.780029296875
4054,5888,1895.5799560546875
4055,5889,1926.8199462890625
4056,5890,1917.8299560546875
4057,5891,1917.780029296875
4058,5894,1945.5
4059,5895,1921.27001953125
4060,5896,1929.800048828125
4061,5897,1951.699951171875
4062,5898,1948.050048828125
4063,5901,1932.22998046875
4064,5902,1978.3499755859375
4065,5903,1986.449951171875
4066,5904,1993.4000244140625
4067,5905,1999.989990234375
4068,5908,2001.760009765625
4069,5909,1979.260009765625
4070,5910,1989.260009765625
4071,5911,1989.5699462890625
4072,5912,2022.18994140625
4073,5915,2019.6400146484375
4074,5916,2015.9300537109375
4075,5917,2027.219970703125
4076,5918,2040.5899658203125
4077,5919,2049.580078125
4078,5922,2051.60009765625
4079,5923,2049.800048828125
4080,5924,2036.7099609375
4081,5925,2035.93994140625
4082,5929,2037.050048828125
4083,5930,2055.010009765625
4084,5931,2063.949951171875
4085,5932,2059.739990234375
4086,5933,2072.780029296875
4087,5936,2066.1298828125
4088,5937,2045.1700439453125
4089,5938,2066.659912109375
4090,5939,2041.9100341796875
4091,5940,2047.5999755859375
4092,5943,2041.989990234375
4093,5944,2061.719970703125
4094,5945,2082.419921875
4095,5946,2082.780029296875
4096,5947,2080.72998046875
4097,5950,2094.340087890625
4098,5951,2100.800048828125
4099,5952,2102.39990234375
4100,5953,2091.47998046875
4101,5954,2091.580078125
4102,5957,2087.7900390625
4103,5958,2091.699951171875
4104,5959,2095.14990234375
4105,5960,2075.81005859375
4106,5961,2065.300048828125
4107,5964,2081.429931640625
4108,5965,2063.3701171875
4109,5966,2051.1201171875
4110,5967,2050.6298828125
4111,5968,2057.139892578125
4112,5971,2058.68994140625
4113,5972,2084.389892578125
4114,5973,2064.4599609375
4115,5974,2064.110107421875
4116,5975,2046.6099853515625
4117,5978,2066.659912109375
4118,5979,2047.2099609375
4119,5980,2047.6300048828125
4120,5981,2040.0400390625
4121,5982,2052.320068359375
4122,5985,2048.0400390625
4123,5986,2076.06005859375
4124,5987,2090.5400390625
4125,5988,2090.10009765625
4126,5989,2099.06005859375
4127,5993,2096.949951171875
4128,5994,2099.330078125
4129,5995,2105.260009765625
4130,5996,2099.1298828125
4131,5999,2109.409912109375
4132,6000,2112.1298828125
4133,6001,2119.1201171875
4134,6002,2115.47998046875
4135,6003,2096.070068359375
4136,6006,2079.06005859375
4137,6007,2075.320068359375
4138,6008,2071.5
4139,6009,2077.989990234375
4140,6010,2071.219970703125
4141,6013,2083.25
4142,6014,2088.89990234375
4143,6015,2085.449951171875
4144,6016,2113.320068359375
4145,6017,2037.4100341796875
4146,6020,2000.5400390625
4147,6021,2036.0899658203125
4148,6022,2070.77001953125
4149,6023,2098.860107421875
4150,6024,2102.949951171875
4151,6028,2088.550048828125
4152,6029,2099.72998046875
4153,6030,2097.89990234375
4154,6031,2129.89990234375
4155,6034,2137.159912109375
4156,6035,2152.139892578125
4157,6036,2152.429931640625
4158,6037,2163.75
4159,6038,2161.739990234375
4160,6041,2166.889892578125
4161,6042,2163.780029296875
4162,6043,2173.02001953125
4163,6044,2165.169921875
4164,6045,2175.030029296875
4165,6048,2168.47998046875
4166,6049,2169.179931640625
4167,6050,2166.580078125
4168,6051,2170.06005859375
4169,6052,2173.60009765625
4170,6055,2170.840087890625
4171,6056,2157.030029296875
4172,6057,2163.7900390625
4173,6058,2164.25
4174,6059,2182.8701171875
4175,6062,2180.889892578125
4176,6063,2181.739990234375
4177,6064,2175.489990234375
4178,6065,2185.7900390625
4179,6066,2184.050048828125
4180,6069,2190.14990234375
4181,6070,2178.14990234375
4182,6071,2182.219970703125
4183,6072,2187.02001953125
4184,6073,2183.8701171875
4185,6076,2182.639892578125
4186,6077,2186.89990234375
4187,6078,2175.43994140625
4188,6079,2172.469970703125
4189,6080,2169.0400390625
4190,6083,2180.3798828125
4191,6084,2176.1201171875
4192,6085,2170.949951171875
4193,6086,2170.860107421875
4194,6087,2179.97998046875
4195,6091,2186.47998046875
4196,6092,2186.159912109375
4197,6093,2181.300048828125
4198,6094,2127.81005859375
4199,6097,2159.0400390625
4200,6098,2127.02001953125
4201,6099,2125.77001953125
4202,6100,2147.260009765625
4203,6101,2139.159912109375
4204,6104,2139.1201171875
4205,6105,2139.760009765625
4206,6106,2163.1201171875
4207,6107,2177.179931640625
4208,6108,2164.68994140625
4209,6111,2146.10009765625
4210,6112,2159.929931640625
4211,6113,2171.3701171875
4212,6114,2151.1298828125
4213,6115,2168.27001953125
4214,6118,2161.199951171875
4215,6119,2150.489990234375
4216,6120,2159.72998046875
4217,6121,2160.77001953125
4218,6122,2153.739990234375
4219,6125,2163.659912109375
4220,6126,2136.72998046875
4221,6127,2139.179931640625
4222,6128,2132.550048828125
4223,6129,2132.97998046875
4224,6132,2126.5
4225,6133,2139.60009765625
4226,6134,2144.2900390625
4227,6135,2141.340087890625
4228,6136,2141.159912109375
4229,6139,2151.330078125
4230,6140,2143.159912109375
4231,6141,2139.429931640625
4232,6142,2133.0400390625
4233,6143,2126.409912109375
4234,6146,2126.14990234375
4235,6147,2111.719970703125
4236,6148,2097.93994140625
4237,6149,2088.659912109375
4238,6150,2085.179931640625
4239,6153,2131.52001953125
4240,6154,2139.56005859375
4241,6155,2163.260009765625
4242,6156,2167.47998046875
4243,6157,2164.449951171875
4244,6160,2164.199951171875
4245,6161,2180.389892578125
4246,6162,2176.93994140625
4247,6163,2187.1201171875
4248,6164,2181.89990234375
4249,6167,2198.179931640625
4250,6168,2202.93994140625
4251,6169,2204.719970703125
4252,6171,2213.35009765625
4253,6174,2201.719970703125
4254,6175,2204.659912109375
4255,6176,2198.81005859375
4256,6177,2191.080078125
4257,6178,2191.949951171875
4258,6181,2204.7099609375
4259,6182,2212.22998046875
4260,6183,2241.35009765625
4261,6184,2246.18994140625
4262,6185,2259.530029296875
4263,6188,2256.9599609375
4264,6189,2271.719970703125
4265,6190,2253.280029296875
4266,6191,2262.030029296875
4267,6192,2258.070068359375
4268,6195,2262.530029296875
4269,6196,2270.760009765625
4270,6197,2265.179931640625
4271,6198,2260.9599609375
4272,6199,2263.7900390625
4273,6203,2268.8798828125
4274,6204,2249.919921875
4275,6205,2249.260009765625
4276,6206,2238.830078125
4277,6210,2257.830078125
4278,6211,2270.75
4279,6212,2269.0
4280,6213,2276.97998046875
4281,6216,2268.89990234375
4282,6217,2268.89990234375
4283,6218,2275.320068359375
4284,6219,2270.43994140625
4285,6220,2274.639892578125
4286,6224,2267.889892578125
4287,6225,2271.889892578125
4288,6226,2263.68994140625
4289,6227,2271.31005859375
4290,6230,2265.199951171875
4291,6231,2280.070068359375
4292,6232,2298.3701171875
4293,6233,2296.679931640625
4294,6234,2294.68994140625
4295,6237,2280.89990234375
4296,6238,2278.8701171875
4297,6239,2279.550048828125
4298,6240,2280.85009765625
4299,6241,2297.419921875
4300,6244,2292.56005859375
4301,6245,2293.080078125
4302,6246,2294.669921875
4303,6247,2307.8701171875
4304,6248,2316.10009765625
4305,6251,2328.25
4306,6252,2337.580078125
4307,6253,2349.25
4308,6254,2347.219970703125
4309,6255,2351.159912109375
4310,6259,2365.3798828125
4311,6260,2362.820068359375
4312,6261,2363.81005859375
4313,6262,2367.340087890625
4314,6265,2369.75
4315,6266,2363.639892578125
4316,6267,2395.9599609375
4317,6268,2381.919921875
4318,6269,2383.1201171875
4319,6272,2375.31005859375
4320,6273,2368.389892578125
4321,6274,2362.97998046875
4322,6275,2364.8701171875
4323,6276,2372.60009765625
4324,6279,2373.469970703125
4325,6280,2365.449951171875
4326,6281,2385.260009765625
4327,6282,2381.3798828125
4328,6283,2378.25
4329,6286,2373.469970703125
4330,6287,2344.02001953125
4331,6288,2348.449951171875
4332,6289,2345.9599609375
4333,6290,2343.97998046875
4334,6293,2341.590087890625
4335,6294,2358.570068359375
4336,6295,2361.1298828125
4337,6296,2368.06005859375
4338,6297,2362.719970703125
4339,6300,2358.840087890625
4340,6301,2360.159912109375
4341,6302,2352.949951171875
4342,6303,2357.489990234375
4343,6304,2355.5400390625
4344,6307,2357.159912109375
4345,6308,2353.780029296875
4346,6309,2344.929931640625
4347,6310,2328.949951171875
4348,6314,2349.010009765625
4349,6315,2342.18994140625
4350,6316,2338.169921875
4351,6317,2355.840087890625
4352,6318,2348.68994140625
4353,6321,2374.14990234375
4354,6322,2388.610107421875
4355,6323,2387.449951171875
4356,6324,2388.77001953125
4357,6325,2384.199951171875
4358,6328,2388.330078125
4359,6329,2391.169921875
4360,6330,2388.1298828125
4361,6331,2389.52001953125
4362,6332,2399.2900390625
4363,6335,2399.3798828125
4364,6336,2396.919921875
4365,6337,2399.6298828125
4366,6338,2394.43994140625
4367,6339,2390.89990234375
4368,6342,2402.320068359375
4369,6343,2400.669921875
4370,6344,2357.030029296875
4371,6345,2365.719970703125
4372,6346,2381.72998046875
4373,6349,2394.02001953125
4374,6350,2398.419921875
4375,6351,2404.389892578125
4376,6352,2415.070068359375
4377,6353,2415.820068359375
4378,6357,2412.909912109375
4379,6358,2411.800048828125
4380,6359,2430.06005859375
4381,6360,2439.070068359375
4382,6363,2436.10009765625
4383,6364,2429.330078125
4384,6365,2433.139892578125
4385,6366,2433.7900390625
4386,6367,2431.77001953125
4387,6370,2429.389892578125
4388,6371,2440.35009765625
4389,6372,2437.919921875
4390,6373,2432.4599609375
4391,6374,2433.14990234375
4392,6377,2453.4599609375
4393,6378,2437.030029296875
4394,6379,2435.610107421875
4395,6380,2434.5
4396,6381,2438.300048828125
4397,6384,2439.070068359375
4398,6385,2419.3798828125
4399,6386,2440.68994140625
4400,6387,2419.699951171875
4401,6388,2423.409912109375
4402,6391,2429.010009765625
4403,6393,2432.5400390625
4404,6394,2409.75
4405,6395,2425.179931640625
4406,6398,2427.429931640625
4407,6399,2425.530029296875
4408,6400,2443.25
4409,6401,2447.830078125
4410,6402,2459.27001953125
4411,6405,2459.139892578125
4412,6406,2460.610107421875
4413,6407,2473.830078125
4414,6408,2473.449951171875
4415,6409,2472.5400390625
4416,6412,2469.909912109375
4417,6413,2477.1298828125
4418,6414,2477.830078125
4419,6415,2475.419921875
4420,6416,2472.10009765625
4421,6419,2470.300048828125
4422,6420,2476.35009765625
4423,6421,2477.570068359375
4424,6422,2472.159912109375
4425,6423,2476.830078125
4426,6426,2480.909912109375
4427,6427,2474.919921875
4428,6428,2474.02001953125
4429,6429,2438.2099609375
4430,6430,2441.320068359375
4431,6433,2465.840087890625
4432,6434,2464.610107421875
4433,6435,2468.110107421875
4434,6436,2430.010009765625
4435,6437,2425.550048828125
4436,6440,2428.3701171875
4437,6441,2452.510009765625
4438,6442,2444.0400390625
4439,6443,2438.969970703125
4440,6444,2443.050048828125
4441,6447,2444.239990234375
4442,6448,2446.300048828125
4443,6449,2457.590087890625
4444,6450,2471.64990234375
4445,6451,2476.550048828125
4446,6455,2457.85009765625
4447,6456,2465.5400390625
4448,6457,2465.10009765625
4449,6458,2461.429931640625
4450,6461,2488.110107421875
4451,6462,2496.47998046875
4452,6463,2498.3701171875
4453,6464,2495.6201171875
4454,6465,2500.22998046875
4455,6468,2503.8701171875
4456,6469,2506.64990234375
4457,6470,2508.239990234375
4458,6471,2500.60009765625
4459,6472,2502.219970703125
4460,6475,2496.659912109375
4461,6476,2496.840087890625
4462,6477,2507.0400390625
4463,6478,2510.06005859375
4464,6479,2519.360107421875
4465,6482,2529.1201171875
4466,6483,2534.580078125
4467,6484,2537.739990234375
4468,6485,2552.070068359375
4469,6486,2549.330078125
4470,6489,2544.72998046875
4471,6490,2550.639892578125
4472,6491,2555.239990234375
4473,6492,2550.929931640625
4474,6493,2553.169921875
4475,6496,2557.639892578125
4476,6497,2559.360107421875
4477,6498,2561.260009765625
4478,6499,2562.10009765625
4479,6500,2575.2099609375
4480,6503,2564.97998046875
4481,6504,2569.1298828125
4482,6505,2557.14990234375
4483,6506,2560.39990234375
4484,6507,2581.070068359375
4485,6510,2572.830078125
4486,6511,2575.260009765625
4487,6512,2579.360107421875
4488,6513,2579.85009765625
4489,6514,2587.840087890625
4490,6517,2591.1298828125
4491,6518,2590.639892578125
4492,6519,2594.3798828125
4493,6520,2584.6201171875
4494,6521,2582.300048828125
4495,6524,2584.840087890625
4496,6525,2578.8701171875
4497,6526,2564.6201171875
4498,6527,2585.639892578125
4499,6528,2578.85009765625
4500,6531,2582.139892578125
4501,6532,2599.030029296875
4502,6533,2597.080078125
4503,6535,2602.419921875
4504,6538,2601.419921875
4505,6539,2627.0400390625
4506,6540,2626.070068359375
4507,6541,2647.580078125
4508,6542,2642.219970703125
4509,6545,2639.43994140625
4510,6546,2629.570068359375
4511,6547,2629.27001953125
4512,6548,2636.97998046875
4513,6549,2651.5
4514,6552,2659.989990234375
4515,6553,2664.110107421875
4516,6554,2662.85009765625
4517,6555,2652.010009765625
4518,6556,2675.81005859375
4519,6559,2690.159912109375
4520,6560,2681.469970703125
4521,6561,2679.25
4522,6562,2684.570068359375
4523,6563,2683.340087890625
4524,6567,2680.5
4525,6568,2682.6201171875
4526,6569,2687.5400390625
4527,6570,2673.610107421875
4528,6574,2695.81005859375
4529,6575,2713.06005859375
4530,6576,2723.989990234375
4531,6577,2743.14990234375
4532,6580,2747.7099609375
4533,6581,2751.2900390625
4534,6582,2748.22998046875
4535,6583,2767.56005859375
4536,6584,2786.239990234375
4537,6588,2776.419921875
4538,6589,2802.56005859375
4539,6590,2798.030029296875
4540,6591,2810.300048828125
4541,6594,2832.969970703125
4542,6595,2839.1298828125
4543,6596,2837.5400390625
4544,6597,2839.25
4545,6598,2872.8701171875
4546,6601,2853.530029296875
4547,6602,2822.429931640625
4548,6603,2823.81005859375
4549,6604,2821.97998046875
4550,6605,2762.1298828125
4551,6608,2648.93994140625
4552,6609,2695.139892578125
4553,6610,2681.659912109375
4554,6611,2581.0
4555,6612,2619.550048828125
4556,6615,2656.0
4557,6616,2662.93994140625
4558,6617,2698.6298828125
4559,6618,2731.199951171875
4560,6619,2732.219970703125
4561,6623,2716.260009765625
4562,6624,2701.330078125
4563,6625,2703.9599609375
4564,6626,2747.300048828125
4565,6629,2779.60009765625
4566,6630,2744.280029296875
4567,6631,2713.830078125
4568,6632,2677.669921875
4569,6633,2691.25
4570,6636,2720.93994140625
4571,6637,2728.1201171875
4572,6638,2726.800048828125
4573,6639,2738.969970703125
4574,6640,2786.570068359375
4575,6643,2783.02001953125
4576,6644,2765.31005859375
4577,6645,2749.47998046875
4578,6646,2747.330078125
4579,6647,2752.010009765625
4580,6650,2712.919921875
4581,6651,2716.93994140625
4582,6652,2711.929931640625
4583,6653,2643.68994140625
4584,6654,2588.260009765625
4585,6657,2658.550048828125
4586,6658,2612.6201171875
4587,6659,2605.0
4588,6660,2640.8701171875
4589,6664,2581.8798828125
4590,6665,2614.449951171875
4591,6666,2644.68994140625
4592,6667,2662.840087890625
4593,6668,2604.469970703125
4594,6671,2613.159912109375
4595,6672,2656.8701171875
4596,6673,2642.18994140625
4597,6674,2663.989990234375
4598,6675,2656.300048828125
4599,6678,2677.840087890625
4600,6679,2706.389892578125
4601,6680,2708.639892578125
4602,6681,2693.1298828125
4603,6682,2670.139892578125
4604,6685,2670.2900390625
4605,6686,2634.56005859375
4606,6687,2639.39990234375
4607,6688,2666.93994140625
4608,6689,2669.909912109375
4609,6692,2648.050048828125
4610,6693,2654.800048828125
4611,6694,2635.669921875
4612,6695,2629.72998046875
4613,6696,2663.419921875
4614,6699,2672.6298828125
4615,6700,2671.919921875
4616,6701,2697.7900390625
4617,6702,2723.070068359375
4618,6703,2727.719970703125
4619,6706,2730.1298828125
4620,6707,2711.449951171875
4621,6708,2722.4599609375
4622,6709,2720.1298828125
4623,6710,2712.969970703125
4624,6713,2733.010009765625
4625,6714,2724.43994140625
4626,6715,2733.2900390625
4627,6716,2727.760009765625
4628,6717,2721.330078125
4629,6721,2689.860107421875
4630,6722,2724.010009765625
4631,6723,2705.27001953125
4632,6724,2734.6201171875
4633,6727,2746.8701171875
4634,6728,2748.800048828125
4635,6729,2772.35009765625
4636,6730,2770.3701171875
4637,6731,2779.030029296875
4638,6734,2782.0
4639,6735,2786.85009765625
4640,6736,2775.6298828125
4641,6737,2782.489990234375
4642,6738,2779.659912109375
4643,6741,2773.75
4644,6742,2762.590087890625
4645,6743,2767.320068359375
4646,6744,2749.760009765625
4647,6745,2754.8798828125
4648,6748,2717.070068359375
4649,6749,2723.06005859375
4650,6750,2699.6298828125
4651,6751,2716.31005859375
4652,6752,2718.3701171875
4653,6755,2726.7099609375
4654,6756,2713.219970703125
4655,6758,2736.610107421875
4656,6759,2759.820068359375
4657,6762,2784.169921875
4658,6763,2793.840087890625
4659,6764,2774.02001953125
4660,6765,2798.2900390625
4661,6766,2801.31005859375
4662,6769,2798.429931640625
4663,6770,2809.550048828125
4664,6771,2815.6201171875
4665,6772,2804.489990234375
4666,6773,2801.830078125
4667,6776,2806.97998046875
4668,6777,2820.39990234375
4669,6778,2846.070068359375
4670,6779,2837.43994140625
4671,6780,2818.820068359375
4672,6783,2802.60009765625
4673,6784,2816.2900390625
4674,6785,2813.360107421875
4675,6786,2827.219970703125
4676,6787,2840.35009765625
4677,6790,2850.39990234375
4678,6791,2858.449951171875
4679,6792,2857.699951171875
4680,6793,2853.580078125
4681,6794,2833.280029296875
4682,6797,2821.929931640625
4683,6798,2839.9599609375
4684,6799,2818.3701171875
4685,6800,2840.68994140625
4686,6801,2850.1298828125
4687,6804,2857.050048828125
4688,6805,2862.9599609375
4689,6806,2861.820068359375
4690,6807,2856.97998046875
4691,6808,2874.68994140625
4692,6811,2896.739990234375
4693,6812,2897.52001953125
4694,6813,2914.0400390625
4695,6814,2901.1298828125
4696,6815,2901.52001953125
4697,6819,2896.719970703125
4698,6820,2888.60009765625
4699,6821,2878.050048828125
4700,6822,2871.679931640625
4701,6825,2877.1298828125
4702,6826,2887.889892578125
4703,6827,2888.919921875
4704,6828,2904.179931640625
4705,6829,2904.97998046875
4706,6832,2888.800048828125
4707,6833,2904.31005859375
4708,6834,2907.949951171875
4709,6835,2930.75
4710,6836,2929.669921875
4711,6839,2919.3701171875
4712,6840,2915.56005859375
4713,6841,2905.969970703125
4714,6842,2914.0
4715,6843,2913.97998046875
4716,6846,2924.590087890625
4717,6847,2923.429931640625
4718,6848,2925.510009765625
4719,6849,2901.610107421875
4720,6850,2885.570068359375
4721,6853,2884.429931640625
4722,6854,2880.340087890625
4723,6855,2785.679931640625
4724,6856,2728.3701171875
4725,6857,2767.1298828125
4726,6860,2750.7900390625
4727,6861,2809.919921875
4728,6862,2809.2099609375
4729,6863,2768.780029296875
4730,6864,2767.780029296875
4731,6867,2755.8798828125
4732,6868,2740.68994140625
4733,6869,2656.10009765625
4734,6870,2705.570068359375
4735,6871,2658.68994140625
4736,6874,2641.25
4737,6875,2682.6298828125
4738,6876,2711.739990234375
4739,6877,2740.3701171875
4740,6878,2723.06005859375
4741,6881,2738.31005859375
4742,6882,2755.449951171875
4743,6883,2813.889892578125
4744,6884,2806.830078125
4745,6885,2781.010009765625
4746,6888,2726.219970703125
4747,6889,2722.179931640625
4748,6890,2701.580078125
4749,6891,2730.199951171875
4750,6892,2736.27001953125
4751,6895,2690.72998046875
4752,6896,2641.889892578125
4753,6897,2649.929931640625
4754,6899,2632.56005859375
4755,6902,2673.449951171875
4756,6903,2682.169921875
4757,6904,2743.7900390625
4758,6905,2737.800048828125
4759,6906,2760.169921875
4760,6909,2790.3701171875
4761,6910,2700.06005859375
4762,6912,2695.949951171875
4763,6913,2633.080078125
4764,6916,2637.719970703125
4765,6917,2636.780029296875
4766,6918,2651.070068359375
4767,6919,2650.5400390625
4768,6920,2599.949951171875
4769,6923,2545.93994140625
4770,6924,2546.159912109375
4771,6925,2506.9599609375
4772,6926,2467.419921875
4773,6927,2416.6201171875
4774,6930,2351.10009765625
4775,6932,2467.699951171875
4776,6933,2488.830078125
4777,6934,2485.739990234375
4778,6937,2506.85009765625
4779,6939,2510.030029296875
4780,6940,2447.889892578125
4781,6941,2531.93994140625
4782,6944,2549.68994140625
4783,6945,2574.409912109375
4784,6946,2584.9599609375
4785,6947,2596.639892578125
4786,6948,2596.260009765625
4787,6951,2582.610107421875
4788,6952,2610.300048828125
4789,6953,2616.10009765625
4790,6954,2635.9599609375
4791,6955,2670.7099609375
4792,6959,2632.89990234375
4793,6960,2638.699951171875
4794,6961,2642.330078125
4795,6962,2664.760009765625
4796,6965,2643.85009765625
4797,6966,2640.0
4798,6967,2681.050048828125
4799,6968,2704.10009765625
4800,6969,2706.530029296875
4801,6972,2724.8701171875
4802,6973,2737.699951171875
4803,6974,2731.610107421875
4804,6975,2706.050048828125
4805,6976,2707.8798828125
4806,6979,2709.800048828125
4807,6980,2744.72998046875
4808,6981,2753.030029296875
4809,6982,2745.72998046875
4810,6983,2775.60009765625
4811,6987,2779.760009765625
4812,6988,2784.699951171875
4813,6989,2774.8798828125
4814,6990,2792.669921875
4815,6993,2796.110107421875
4816,6994,2793.89990234375
4817,6995,2792.3798828125
4818,6996,2784.489990234375
4819,6997,2803.68994140625
4820,7000,2792.81005859375
4821,7001,2789.64990234375
4822,7002,2771.449951171875
4823,7003,2748.929931640625
4824,7004,2743.070068359375
4825,7007,2783.300048828125
4826,7008,2791.52001953125
4827,7009,2810.919921875
4828,7010,2808.47998046875
4829,7011,2822.47998046875
4830,7014,2832.93994140625
4831,7015,2832.570068359375
4832,7016,2824.22998046875
4833,7017,2854.8798828125
4834,7018,2800.7099609375
4835,7021,2798.360107421875
4836,7022,2818.4599609375
4837,7023,2805.3701171875
4838,7024,2815.43994140625
4839,7025,2834.39990234375
4840,7028,2867.18994140625
4841,7029,2867.239990234375
4842,7030,2873.39990234375
4843,7031,2879.389892578125
4844,7032,2892.739990234375
4845,7035,2895.77001953125
4846,7036,2878.199951171875
4847,7037,2888.2099609375
4848,7038,2888.320068359375
4849,7039,2907.409912109375
4850,7042,2905.580078125
4851,7043,2907.06005859375
4852,7044,2900.449951171875
4853,7045,2905.030029296875
4854,7049,2907.969970703125
4855,7050,2933.679931640625
4856,7051,2927.25
4857,7052,2926.169921875
4858,7053,2939.8798828125
4859,7056,2943.030029296875
4860,7057,2945.830078125
4861,7058,2923.72998046875
4862,7059,2917.52001953125
4863,7060,2945.639892578125
4864,7063,2932.469970703125
4865,7064,2884.050048828125
4866,7065,2879.419921875
4867,7066,2870.719970703125
4868,7067,2881.39990234375
4869,7070,2811.8701171875
4870,7071,2834.409912109375
4871,7072,2850.9599609375
4872,7073,2876.320068359375
4873,7074,2859.530029296875
4874,7077,2840.22998046875
4875,7078,2864.360107421875
4876,7079,2856.27001953125
4877,7080,2822.239990234375
4878,7081,2826.06005859375
4879,7085,2802.389892578125
4880,7086,2783.02001953125
4881,7087,2788.860107421875
4882,7088,2752.06005859375
4883,7091,2744.449951171875
4884,7092,2803.27001953125
4885,7093,2826.14990234375
4886,7094,2843.489990234375
4887,7095,2873.340087890625
4888,7098,2886.72998046875
4889,7099,2885.719970703125
4890,7100,2879.840087890625
4891,7101,2891.639892578125
4892,7102,2886.97998046875
4893,7105,2889.669921875
4894,7106,2917.75
4895,7107,2926.4599609375
4896,7108,2954.179931640625
4897,7109,2950.4599609375
4898,7112,2945.35009765625
4899,7113,2917.3798828125
4900,7114,2913.780029296875
4901,7115,2924.919921875
4902,7116,2941.760009765625
4903,7119,2964.330078125
4904,7120,2973.010009765625
4905,7121,2995.820068359375
4906,7123,2990.409912109375
4907,7126,2975.949951171875
4908,7127,2979.6298828125
4909,7128,2993.070068359375
4910,7129,2999.909912109375
4911,7130,3013.77001953125
4912,7133,3014.300048828125
4913,7134,3004.0400390625
4914,7135,2984.419921875
4915,7136,2995.110107421875
4916,7137,2976.610107421875
4917,7140,2985.030029296875
4918,7141,3005.469970703125
4919,7142,3019.56005859375
4920,7143,3003.669921875
4921,7144,3025.860107421875
4922,7147,3020.969970703125
4923,7148,3013.179931640625
4924,7149,2980.3798828125
4925,7150,2953.56005859375
4926,7151,2932.050048828125
4927,7154,2844.739990234375
4928,7155,2881.77001953125
4929,7156,2883.97998046875
4930,7157,2938.090087890625
4931,7158,2918.64990234375
4932,7161,2882.699951171875
4933,7162,2926.320068359375
4934,7163,2840.60009765625
4935,7164,2847.60009765625
4936,7165,2888.679931640625
4937,7168,2923.64990234375
4938,7169,2900.510009765625
4939,7170,2924.429931640625
4940,7171,2922.949951171875
4941,7172,2847.110107421875
4942,7175,2878.3798828125
4943,7176,2869.159912109375
4944,7177,2887.93994140625
4945,7178,2924.580078125
4946,7179,2926.4599609375
4947,7183,2906.27001953125
4948,7184,2937.780029296875
4949,7185,2976.0
4950,7186,2978.7099609375
4951,7189,2978.429931640625
4952,7190,2979.389892578125
4953,7191,3000.929931640625
4954,7192,3009.570068359375
4955,7193,3007.389892578125
4956,7196,2997.9599609375
4957,7197,3005.699951171875
4958,7198,3006.72998046875
4959,7199,3006.7900390625
4960,7200,2992.070068359375
4961,7203,2991.780029296875
4962,7204,2966.60009765625
4963,7205,2984.8701171875
4964,7206,2977.6201171875
4965,7207,2961.7900390625
4966,7210,2976.739990234375
4967,7211,2940.25
4968,7212,2887.610107421875
4969,7213,2910.6298828125
4970,7214,2952.010009765625
4971,7217,2938.7900390625
4972,7218,2893.06005859375
4973,7219,2919.39990234375
4974,7220,2938.1298828125
4975,7221,2970.27001953125
4976,7224,2966.14990234375
4977,7225,2995.679931640625
4978,7226,2989.68994140625
4979,7227,2997.949951171875
4980,7228,2986.199951171875
4981,7231,3006.719970703125
4982,7232,2995.989990234375
4983,7233,3004.52001953125
4984,7234,3010.2900390625
4985,7235,3022.550048828125
4986,7238,3039.419921875
4987,7239,3036.889892578125
4988,7240,3046.77001953125
4989,7241,3037.56005859375
4990,7242,3066.909912109375
4991,7245,3078.27001953125
4992,7246,3074.6201171875
4993,7247,3076.780029296875
4994,7248,3085.179931640625
4995,7249,3093.080078125
4996,7252,3087.010009765625
4997,7253,3091.840087890625
4998,7254,3094.0400390625
4999,7255,3096.6298828125
5000,7256,3120.4599609375
5001,7259,3122.030029296875
5002,7260,3120.179931640625
5003,7261,3108.4599609375
5004,7262,3103.5400390625
5005,7263,3110.2900390625
5006,7266,3133.639892578125
5007,7267,3140.52001953125
5008,7268,3153.6298828125
5009,7270,3140.97998046875
5010,7273,3113.8701171875
5011,7274,3093.199951171875
5012,7275,3112.760009765625
5013,7276,3117.429931640625
5014,7277,3145.909912109375
5015,7280,3135.9599609375
5016,7281,3132.52001953125
5017,7282,3141.6298828125
5018,7283,3168.570068359375
5019,7284,3168.800048828125
5020,7287,3191.449951171875
5021,7288,3192.52001953125
5022,7289,3191.139892578125
5023,7290,3205.3701171875
5024,7291,3221.219970703125
5025,7294,3224.010009765625
5026,7295,3223.3798828125
5027,7297,3239.909912109375
5028,7298,3240.02001953125
5029,7301,3221.2900390625
5030,7302,3230.780029296875
5031,7304,3257.85009765625
5032,7305,3234.85009765625
5033,7308,3246.280029296875
5034,7309,3237.179931640625
5035,7310,3253.050048828125
5036,7311,3274.699951171875
5037,7312,3265.35009765625
5038,7315,3288.1298828125
5039,7316,3283.14990234375
5040,7317,3289.2900390625
5041,7318,3316.81005859375
5042,7319,3329.6201171875
5043,7323,3320.7900390625
5044,7324,3321.75
5045,7325,3325.5400390625
5046,7326,3295.469970703125
5047,7329,3243.6298828125
5048,7330,3276.239990234375
5049,7331,3273.39990234375
5050,7332,3283.659912109375
5051,7333,3225.52001953125
5052,7336,3248.919921875
5053,7337,3297.590087890625
5054,7338,3334.68994140625
5055,7339,3345.780029296875
5056,7340,3327.7099609375
5057,7343,3352.090087890625
5058,7344,3357.75
5059,7345,3379.449951171875
5060,7346,3373.93994140625
5061,7347,3380.159912109375
5062,7351,3370.2900390625
5063,7352,3386.14990234375
5064,7353,3373.22998046875
5065,7354,3337.75
5066,7357,3225.889892578125
5067,7358,3128.2099609375
5068,7359,3116.389892578125
5069,7360,2978.760009765625
5070,7361,2954.219970703125
5071,7364,3090.22998046875
5072,7365,3003.3701171875
5073,7366,3130.1201171875
5074,7367,3023.93994140625
5075,7368,2972.3701171875
5076,7371,2746.56005859375
5077,7372,2882.22998046875
5078,7373,2741.3798828125
5079,7374,2480.639892578125
5080,7375,2711.02001953125
5081,7378,2386.1298828125
5082,7379,2529.18994140625
5083,7380,2398.10009765625
5084,7381,2409.389892578125
5085,7382,2304.919921875
5086,7385,2237.39990234375
5087,7386,2447.330078125
5088,7387,2475.56005859375
5089,7388,2630.070068359375
5090,7389,2541.469970703125
5091,7392,2626.64990234375
5092,7393,2584.590087890625
5093,7394,2470.5
5094,7395,2526.89990234375
5095,7396,2488.64990234375
5096,7399,2663.679931640625
5097,7400,2659.409912109375
5098,7401,2749.97998046875
5099,7402,2789.820068359375
5100,7406,2761.6298828125
5101,7407,2846.06005859375
5102,7408,2783.360107421875
5103,7409,2799.550048828125
5104,7410,2874.56005859375
5105,7413,2823.159912109375
5106,7414,2736.56005859375
5107,7415,2799.31005859375
5108,7416,2797.800048828125
5109,7417,2836.739990234375
5110,7420,2878.47998046875
5111,7421,2863.389892578125
5112,7422,2939.510009765625
5113,7423,2912.429931640625
5114,7424,2830.7099609375
5115,7427,2842.739990234375
5116,7428,2868.43994140625
5117,7429,2848.419921875
5118,7430,2881.18994140625
5119,7431,2929.800048828125
5120,7434,2930.18994140625
5121,7435,2870.1201171875
5122,7436,2820.0
5123,7437,2852.5
5124,7438,2863.699951171875
5125,7441,2953.909912109375
5126,7442,2922.93994140625
5127,7443,2971.610107421875
5128,7444,2948.510009765625
5129,7445,2955.449951171875
5130,7449,2991.77001953125
5131,7450,3036.1298828125
5132,7451,3029.72998046875
5133,7452,3044.31005859375
5134,7455,3055.72998046875
5135,7456,3080.820068359375
5136,7457,3122.8701171875
5137,7458,3112.35009765625
5138,7459,3193.929931640625
5139,7462,3232.389892578125
5140,7463,3207.179931640625
5141,7464,3190.139892578125
5142,7465,3002.10009765625
5143,7466,3041.31005859375
5144,7469,3066.590087890625
5145,7470,3124.739990234375
5146,7471,3113.489990234375
5147,7472,3115.340087890625
5148,7473,3097.739990234375
5149,7476,3117.860107421875
5150,7477,3131.2900390625
5151,7478,3050.330078125
5152,7479,3083.760009765625
5153,7480,3009.050048828125
5154,7483,3053.239990234375
5155,7484,3100.2900390625
5156,7485,3115.860107421875
5157,7486,3130.010009765625
5158,7490,3179.719970703125
5159,7491,3145.320068359375
5160,7492,3169.93994140625
5161,7493,3152.050048828125
5162,7494,3185.0400390625
5163,7497,3155.219970703125
5164,7498,3197.52001953125
5165,7499,3226.56005859375
5166,7500,3215.570068359375
5167,7501,3224.72998046875
5168,7504,3251.840087890625
5169,7505,3257.300048828125
5170,7506,3276.02001953125
5171,7507,3235.659912109375
5172,7508,3215.6298828125
5173,7511,3239.409912109375
5174,7512,3218.43994140625
5175,7513,3258.43994140625
5176,7514,3246.219970703125
5177,7515,3271.1201171875
5178,7518,3294.610107421875
5179,7519,3306.510009765625
5180,7520,3327.77001953125
5181,7521,3349.159912109375
5182,7522,3351.280029296875
5183,7525,3360.469970703125
5184,7526,3333.68994140625
5185,7527,3380.35009765625
5186,7528,3373.429931640625
5187,7529,3372.85009765625
5188,7532,3381.989990234375
5189,7533,3389.780029296875
5190,7534,3374.85009765625
5191,7535,3385.510009765625
5192,7536,3397.159912109375
5193,7539,3431.280029296875
5194,7540,3443.6201171875
5195,7541,3478.72998046875
5196,7542,3484.550048828125
5197,7543,3508.010009765625
5198,7546,3500.31005859375
5199,7547,3526.64990234375
5200,7548,3580.840087890625
5201,7549,3455.06005859375
5202,7550,3426.9599609375
5203,7554,3331.840087890625
5204,7555,3398.9599609375
5205,7556,3339.18994140625
5206,7557,3340.969970703125
5207,7560,3383.5400390625
5208,7561,3401.199951171875
5209,7562,3385.489990234375
5210,7563,3357.010009765625
5211,7564,3319.469970703125
5212,7567,3281.06005859375
5213,7568,3315.570068359375
5214,7569,3236.919921875
5215,7570,3246.590087890625
5216,7571,3298.4599609375
5217,7574,3351.60009765625
5218,7575,3335.469970703125
5219,7576,3363.0
5220,7577,3380.800048828125
5221,7578,3348.419921875
5222,7581,3408.60009765625
5223,7582,3360.969970703125
5224,7583,3419.43994140625
5225,7584,3446.830078125
5226,7585,3477.139892578125
5227,7588,3534.219970703125
5228,7589,3511.929931640625
5229,7590,3488.669921875
5230,7591,3483.340087890625
5231,7592,3483.81005859375
5232,7595,3426.919921875
5233,7596,3443.1201171875
5234,7597,3435.56005859375
5235,7598,3453.489990234375
5236,7599,3465.389892578125
5237,7602,3400.969970703125
5238,7603,3390.679931640625
5239,7604,3271.030029296875
5240,7605,3310.110107421875
5241,7606,3269.9599609375
5242,7609,3310.239990234375
5243,7610,3369.159912109375
5244,7611,3443.43994140625
5245,7612,3510.449951171875
5246,7613,3509.43994140625
5247,7616,3550.5
5248,7617,3545.530029296875
5249,7618,3572.659912109375
5250,7619,3537.010009765625
5251,7620,3585.14990234375
5252,7623,3626.909912109375
5253,7624,3609.530029296875
5254,7625,3567.7900390625
5255,7626,3581.8701171875
5256,7627,3557.5400390625
5257,7630,3577.590087890625
5258,7631,3635.409912109375
5259,7632,3629.64990234375
5260,7634,3638.35009765625
5261,7637,3621.6298828125
5262,7638,3662.449951171875
5263,7639,3669.010009765625
5264,7640,3666.719970703125
5265,7641,3699.1201171875
5266,7644,3691.9599609375
5267,7645,3702.25
5268,7646,3672.820068359375
5269,7647,3668.10009765625
5270,7648,3663.4599609375
5271,7651,3647.489990234375
5272,7652,3694.6201171875
5273,7653,3701.169921875
5274,7654,3722.47998046875
5275,7655,3709.409912109375
5276,7658,3694.919921875
5277,7659,3687.260009765625
5278,7660,3690.010009765625
5279,7661,3703.06005859375
5280,7665,3735.360107421875
5281,7666,3727.0400390625
5282,7667,3732.0400390625
5283,7668,3756.070068359375
5284,7672,3700.64990234375
5285,7673,3726.860107421875
5286,7674,3748.139892578125
5287,7675,3803.7900390625
5288,7676,3824.679931640625
5289,7679,3799.610107421875
5290,7680,3801.18994140625
5291,7681,3809.840087890625
5292,7682,3795.5400390625
5293,7683,3768.25
5294,7687,3798.909912109375
5295,7688,3851.85009765625
5296,7689,3853.070068359375
5297,7690,3841.469970703125
5298,7693,3855.360107421875
5299,7694,3849.6201171875
5300,7695,3750.77001953125
5301,7696,3787.3798828125
5302,7697,3714.239990234375
5303,7700,3773.860107421875
5304,7701,3826.31005859375
5305,7702,3830.169921875
5306,7703,3871.739990234375
5307,7704,3886.830078125
5308,7707,3915.590087890625
5309,7708,3911.22998046875
5310,7709,3909.8798828125
5311,7710,3916.3798828125
5312,7711,3934.830078125
5313,7715,3932.590087890625
5314,7716,3931.330078125
5315,7717,3913.969970703125
5316,7718,3906.7099609375
5317,7721,3876.5
5318,7722,3881.3701171875
5319,7723,3925.429931640625
5320,7724,3829.340087890625
5321,7725,3811.14990234375
5322,7728,3901.820068359375
5323,7729,3870.2900390625
5324,7730,3819.719970703125
5325,7731,3768.469970703125
5326,7732,3841.93994140625
5327,7735,3821.35009765625
5328,7736,3875.43994140625
5329,7737,3898.81005859375
5330,7738,3939.340087890625
5331,7739,3943.340087890625
5332,7742,3968.93994140625
5333,7743,3962.7099609375
5334,7744,3974.1201171875
5335,7745,3915.4599609375
5336,7746,3913.10009765625
5337,7749,3940.590087890625
5338,7750,3910.52001953125
5339,7751,3889.139892578125
5340,7752,3909.52001953125
5341,7753,3974.5400390625
5342,7756,3971.090087890625
5343,7757,3958.550048828125
5344,7758,3972.889892578125
5345,7759,4019.8701171875
5346,7763,4077.909912109375
5347,7764,4073.93994140625
5348,7765,4079.949951171875
5349,7766,4097.169921875
5350,7767,4128.7998046875
5351,7770,4127.990234375
5352,7771,4141.58984375
5353,7772,4124.66015625
5354,7773,4170.419921875
5355,7774,4185.47021484375
5356,7777,4163.259765625
5357,7778,4134.93994140625
5358,7779,4173.419921875
5359,7780,4134.97998046875
5360,7781,4180.169921875
5361,7784,4187.6201171875
5362,7785,4186.72021484375
5363,7786,4183.18017578125
5364,7787,4211.47021484375
5365,7788,4181.169921875
5366,7791,4192.66015625
5367,7792,4164.66015625
5368,7793,4167.58984375
5369,7794,4201.6201171875
5370,7795,4232.60009765625
5371,7798,4188.43017578125
5372,7799,4152.10009765625
5373,7800,4063.0400390625
5374,7801,4112.5
5375,7802,4173.85009765625
5376,7805,4163.2900390625
5377,7806,4127.830078125
5378,7807,4115.68017578125
5379,7808,4159.1201171875
5380,7809,4155.85986328125
5381,7812,4197.0498046875
5382,7813,4188.1298828125
5383,7814,4195.990234375
5384,7815,4200.8798828125
5385,7816,4204.10986328125
5386,7820,4202.0400390625
5387,7821,4208.1201171875
5388,7822,4192.85009765625
5389,7823,4229.89013671875
5390,7826,4226.52001953125
5391,7827,4227.259765625
5392,7828,4219.5498046875
5393,7829,4239.18017578125
5394,7830,4247.43994140625
5395,7833,4255.14990234375
5396,7834,4246.58984375
5397,7835,4223.7001953125
5398,7836,4221.85986328125
5399,7837,4166.4501953125
5400,7840,4224.7900390625
5401,7841,4246.43994140625
5402,7842,4241.83984375
5403,7843,4266.490234375
5404,7844,4280.7001953125
5405,7847,4290.60986328125
5406,7848,4291.7998046875
5407,7849,4297.5
5408,7850,4319.93994140625
5409,7851,4352.33984375
5410,7855,4343.5400390625
5411,7856,4358.1298828125
5412,7857,4320.81982421875
5413,7858,4369.5498046875
5414,7861,4384.6298828125
5415,7862,4369.2099609375
5416,7863,4374.2998046875
5417,7864,4360.02978515625
5418,7865,4327.16015625
5419,7868,4258.490234375
5420,7869,4323.06005859375
5421,7870,4358.68994140625
5422,7871,4367.47998046875
5423,7872,4411.7900390625
5424,7875,4422.2998046875
5425,7876,4401.4599609375
5426,7877,4400.64013671875
5427,7878,4419.14990234375
5428,7879,4395.259765625
5429,7882,4387.16015625
5430,7883,4423.14990234375
5431,7884,4402.66015625
5432,7885,4429.10009765625
5433,7886,4436.52001953125
5434,7889,4432.35009765625
5435,7890,4436.75
5436,7891,4442.41015625
5437,7892,4460.830078125
5438,7893,4468.0
5439,7896,4479.7099609375
5440,7897,4448.080078125
5441,7898,4400.27001953125
5442,7899,4405.7998046875
5443,7900,4441.669921875
5444,7903,4479.52978515625
5445,7904,4486.22998046875
5446,7905,4496.18994140625
5447,7906,4470.0
5448,7907,4509.3701171875
5449,7910,4528.7900390625
5450,7911,4522.68017578125
5451,7912,4524.08984375
5452,7913,4536.9501953125
5453,7914,4535.43017578125
5454,7918,4520.02978515625
5455,7919,4514.06982421875
5456,7920,4493.27978515625
5457,7921,4458.580078125
5458,7924,4468.72998046875
5459,7925,4443.0498046875
5460,7926,4480.7001953125
5461,7927,4473.75
5462,7928,4432.990234375
5463,7931,4357.72998046875
5464,7932,4354.18994140625
5465,7933,4395.64013671875
5466,7934,4448.97998046875
5467,7935,4455.47998046875
5468,7938,4443.10986328125
5469,7939,4352.6298828125
5470,7940,4359.4599609375
5471,7941,4307.5400390625
5472,7942,4357.0400390625
5473,7945,4300.4599609375
5474,7946,4345.72021484375
5475,7947,4363.5498046875
5476,7948,4399.759765625
5477,7949,4391.33984375
5478,7952,4361.18994140625
5479,7953,4350.64990234375
5480,7954,4363.7998046875
5481,7955,4438.259765625
5482,7956,4471.3701171875
5483,7959,4486.4599609375
5484,7960,4519.6298828125
5485,7961,4536.18994140625
5486,7962,4549.77978515625
5487,7963,4544.89990234375
5488,7966,4566.47998046875
5489,7967,4574.7900390625
5490,7968,4551.68017578125
5491,7969,4596.419921875
5492,7970,4605.3798828125
5493,7973,4613.669921875
5494,7974,4630.64990234375
5495,7975,4660.56982421875
5496,7976,4680.06005859375
5497,7977,4697.52978515625
5498,7980,4701.7001953125
5499,7981,4685.25
5500,7982,4646.7099609375
5501,7983,4649.27001953125
5502,7984,4682.85009765625
5503,7987,4682.7998046875
5504,7988,4700.89990234375
5505,7989,4688.669921875
5506,7990,4704.5400390625
5507,7991,4697.9599609375
5508,7994,4682.93994140625
5509,7995,4690.7001953125
5510,7996,4701.4599609375
5511,7998,4594.6201171875
5512,8001,4655.27001953125
5513,8002,4567.0
5514,8003,4513.0400390625
5515,8004,4577.10009765625
5516,8005,4538.43017578125
5517,8008,4591.669921875
5518,8009,4686.75
5519,8010,4701.2099609375
5520,8011,4667.4501953125
5521,8012,4712.02001953125
5522,8015,4668.97021484375
5523,8016,4634.08984375
5524,8017,4709.85009765625
5525,8018,4668.669921875
5526,8019,4620.64013671875
5527,8022,4568.02001953125
5528,8023,4649.22998046875
5529,8024,4696.56005859375
5530,8025,4725.7900390625
5531,8029,4791.18994140625
5532,8030,4786.35009765625
5533,8031,4793.06005859375
5534,8032,4778.72998046875
5535,8033,4766.18017578125
5536,8036,4796.56005859375
5537,8037,4793.5400390625
5538,8038,4700.580078125
5539,8039,4696.0498046875
5540,8040,4677.02978515625
5541,8043,4670.2900390625
5542,8044,4713.06982421875
5543,8045,4726.35009765625
5544,8046,4659.02978515625
5545,8047,4662.85009765625
5546,8051,4577.10986328125
5547,8052,4532.759765625
5548,8053,4482.72998046875
5549,8054,4397.93994140625
5550,8057,4410.1298828125
5551,8058,4356.4501953125
5552,8059,4349.93017578125
5553,8060,4326.509765625
5554,8061,4431.85009765625
5555,8064,4515.5498046875
5556,8065,4546.5400390625
5557,8066,4589.3798828125
5558,8067,4477.43994140625
5559,8068,4500.52978515625
5560,8071,4483.8701171875
5561,8072,4521.5400390625
5562,8073,4587.18017578125
5563,8074,4504.080078125
5564,8075,4418.64013671875
5565,8078,4401.669921875
5566,8079,4471.06982421875
5567,8080,4475.009765625
5568,8081,4380.259765625
5569,8082,4348.8701171875
5570,8086,4304.759765625
5571,8087,4225.5
5572,8088,4288.7001953125
5573,8089,4384.64990234375
5574,8092,4373.93994140625
5575,8093,4306.259765625
5576,8094,4386.5400390625
5577,8095,4363.490234375
5578,8096,4328.8701171875
5579,8099,4201.08984375
5580,8100,4170.7001953125
5581,8101,4277.8798828125
5582,8102,4259.52001953125
5583,8103,4204.31005859375
5584,8106,4173.10986328125
5585,8107,4262.4501953125
5586,8108,4357.85986328125
5587,8109,4411.669921875
5588,8110,4463.1201171875
5589,8113,4461.18017578125
5590,8114,4511.60986328125
5591,8115,4456.240234375
5592,8116,4520.16015625
5593,8117,4543.06005859375
5594,8120,4575.52001953125
5595,8121,4631.60009765625
5596,8122,4602.4501953125
5597,8123,4530.41015625
5598,8124,4545.85986328125
5599,8127,4582.64013671875
5600,8128,4525.1201171875
5601,8129,4481.14990234375
5602,8130,4500.2099609375
5603,8131,4488.27978515625
5604,8134,4412.52978515625
5605,8135,4397.4501953125
5606,8136,4446.58984375
5607,8137,4392.58984375
5608,8141,4391.68994140625
5609,8142,4462.2099609375
5610,8143,4459.4501953125
5611,8144,4393.66015625
5612,8145,4271.77978515625
5613,8148,4296.1201171875
5614,8149,4175.2001953125
5615,8150,4183.9599609375
5616,8151,4287.5
5617,8152,4131.93017578125
5618,8155,4155.3798828125
5619,8156,4175.47998046875
5620,8157,4300.169921875
5621,8158,4146.8701171875
5622,8159,4123.33984375
5623,8162,3991.239990234375
5624,8163,4001.050048828125
5625,8164,3935.179931640625
5626,8165,3930.080078125
5627,8166,4023.889892578125
5628,8169,4008.010009765625
5629,8170,4088.85009765625
5630,8171,3923.679931640625
5631,8172,3900.7900390625
5632,8173,3901.360107421875
5633,8176,3973.75
5634,8177,3941.47998046875
5635,8178,3978.72998046875
5636,8179,4057.840087890625
5637,8180,4158.240234375
5638,8184,4132.14990234375
5639,8185,4101.22998046875
5640,8186,4176.81982421875
5641,8187,4108.5400390625
5642,8190,4121.43017578125
5643,8191,4160.68017578125
5644,8192,4115.77001953125
5645,8193,4017.820068359375
5646,8194,3900.860107421875
5647,8197,3749.6298828125
5648,8198,3735.47998046875
5649,8199,3789.989990234375
5650,8200,3666.77001953125
5651,8201,3674.840087890625
5652,8205,3764.7900390625
5653,8206,3759.889892578125
5654,8207,3795.72998046875
5655,8208,3911.739990234375
5656,8211,3900.110107421875
5657,8212,3821.550048828125
5658,8213,3818.830078125
5659,8214,3785.3798828125
5660,8215,3825.330078125
5661,8219,3831.389892578125
5662,8220,3845.080078125
5663,8221,3902.6201171875
5664,8222,3899.3798828125
5665,8225,3854.429931640625
5666,8226,3818.800048828125
5667,8227,3801.780029296875
5668,8228,3790.3798828125
5669,8229,3863.159912109375
5670,8232,3830.85009765625
5671,8233,3936.68994140625
5672,8234,3959.89990234375
5673,8235,3998.949951171875
5674,8236,3961.6298828125
5675,8239,3966.840087890625
5676,8240,3921.050048828125
5677,8241,4023.610107421875
5678,8242,4072.429931640625
5679,8243,4130.2900390625
5680,8246,4118.6298828125
5681,8247,4091.18994140625
5682,8248,4155.169921875
5683,8249,4151.93994140625
5684,8250,4145.18994140625
5685,8253,4140.06005859375
5686,8254,4122.47021484375
5687,8255,4210.240234375
5688,8256,4207.27001953125
5689,8257,4280.14990234375
5690,8260,4297.14013671875
5691,8261,4305.2001953125
5692,8262,4274.0400390625
5693,8263,4283.740234375
5694,8264,4228.47998046875
5695,8267,4137.990234375
5696,8268,4128.72998046875
5697,8269,4140.77001953125
5698,8270,4199.1201171875
5699,8271,4057.659912109375
5700,8274,4030.610107421875
5701,8275,3986.159912109375
5702,8276,3955.0
5703,8277,3966.85009765625
5704,8278,3924.260009765625
5705,8282,3908.18994140625
5706,8283,3979.8701171875
5707,8284,4006.179931640625
5708,8285,4067.360107421875
5709,8288,4110.41015625
5710,8289,3932.68994140625
5711,8290,3946.010009765625
5712,8291,3901.35009765625
5713,8292,3873.330078125
5714,8295,3899.889892578125
5715,8296,3855.929931640625
5716,8297,3789.929931640625
5717,8298,3757.989990234375
5718,8299,3693.22998046875
5719,8302,3655.0400390625
5720,8303,3647.2900390625
5721,8304,3719.0400390625
5722,8305,3640.469970703125
5723,8306,3585.6201171875
5724,8309,3678.429931640625
5725,8310,3790.929931640625
5726,8311,3783.280029296875
5727,8312,3744.52001953125
5728,8313,3639.659912109375
5729,8316,3612.389892578125
5730,8317,3588.840087890625
5731,8318,3577.030029296875
5732,8319,3669.909912109375
5733,8320,3583.070068359375
5734,8323,3677.949951171875
5735,8324,3719.97998046875
5736,8325,3695.159912109375
5737,8326,3665.780029296875
5738,8327,3752.75
5739,8330,3797.340087890625
5740,8331,3859.110107421875
5741,8332,3830.60009765625
5742,8333,3807.300048828125
5743,8334,3901.06005859375
5744,8337,3871.97998046875
5745,8338,3856.10009765625
5746,8339,3759.68994140625
5747,8340,3719.889892578125
5748,8341,3770.550048828125
5749,8344,3806.800048828125
5750,8345,3828.110107421875
5751,8346,3748.570068359375
5752,8347,3956.3701171875
5753,8348,3992.929931640625
5754,8351,3957.25
5755,8352,3991.72998046875
5756,8353,3958.7900390625
5757,8354,3946.56005859375
5758,8355,3965.340087890625
5759,8358,3949.93994140625
5760,8359,4003.580078125
5761,8360,4027.260009765625
5762,8362,4026.1201171875
5763,8365,3963.93994140625
5764,8366,3957.6298828125
5765,8367,4080.110107421875
5766,8368,4076.570068359375
5767,8369,4071.699951171875
5768,8372,3998.840087890625
5769,8373,3941.260009765625
5770,8374,3933.919921875
5771,8375,3963.510009765625
5772,8376,3934.3798828125
5773,8379,3990.56005859375
5774,8380,4019.64990234375
5775,8381,3995.320068359375
5776,8382,3895.75
5777,8383,3852.360107421875
5778,8386,3817.659912109375
5779,8387,3821.6201171875
5780,8388,3878.43994140625
5781,8389,3822.389892578125
5782,8390,3844.820068359375
5783,8394,3829.25
5784,8395,3783.219970703125
5785,8396,3849.280029296875
5786,8397,3839.5
5787,8401,3824.139892578125
5788,8402,3852.969970703125
5789,8403,3808.10009765625
5790,8404,3895.080078125
5791,8407,3892.090087890625
5792,8408,3919.25
5793,8409,3969.610107421875
5794,8410,3983.169921875
5795,8411,3999.090087890625
5796,8415,3990.969970703125
5797,8416,3928.860107421875
5798,8417,3898.85009765625
5799,8418,3972.610107421875
5800,8421,4019.81005859375
5801,8422,4016.949951171875
5802,8423,4016.219970703125
5803,8424,4060.429931640625
5804,8425,4070.56005859375
5805,8428,4017.77001953125
5806,8429,4076.60009765625
5807,8430,4119.2099609375
5808,8431,4179.759765625
5809,8432,4136.47998046875
5810,8435,4111.080078125
5811,8436,4164.0
5812,8437,4117.85986328125
5813,8438,4081.5
5814,8439,4090.4599609375
5815,8442,4137.2900390625
5816,8443,4136.1298828125
5817,8444,4147.60009765625
5818,8445,4090.409912109375
5819,8446,4079.090087890625
5820,8450,3997.340087890625
5821,8451,3991.050048828125
5822,8452,4012.320068359375
5823,8453,3970.0400390625
5824,8456,3982.239990234375
5825,8457,3970.14990234375
5826,8458,3951.389892578125
5827,8459,3981.35009765625
5828,8460,4045.639892578125
5829,8463,4048.419921875
5830,8464,3986.3701171875
5831,8465,3992.010009765625
5832,8466,3918.320068359375
5833,8467,3861.590087890625
5834,8470,3855.760009765625
5835,8471,3919.2900390625
5836,8472,3891.929931640625
5837,8473,3960.280029296875
5838,8474,3916.639892578125
5839,8477,3951.570068359375
5840,8478,4002.8701171875
5841,8479,3936.969970703125
5842,8480,3948.719970703125
5843,8481,3970.989990234375
5844,8484,3977.530029296875
5845,8485,3971.27001953125
5846,8486,4027.81005859375
5847,8487,4050.830078125
5848,8488,4109.31005859375
5849,8491,4124.509765625
5850,8492,4100.60009765625
5851,8493,4090.3798828125
5852,8494,4105.02001953125
5853,8498,4109.10986328125
5854,8499,4108.93994140625
5855,8500,4091.949951171875
5856,8501,4146.22021484375
5857,8502,4137.64013671875
5858,8505,4151.31982421875
5859,8506,4154.8701171875
5860,8507,4154.52001953125
5861,8508,4129.7900390625
5862,8509,4133.52001953125
5863,8512,4137.0400390625
5864,8513,4071.6298828125
5865,8514,4055.989990234375
5866,8515,4135.35009765625
5867,8516,4169.47998046875
5868,8519,4167.8701171875
5869,8520,4119.580078125
5870,8521,4090.75
5871,8522,4061.219970703125
5872,8523,4136.25
5873,8526,4138.1201171875
5874,8527,4119.169921875
5875,8528,4137.64013671875
5876,8529,4130.6201171875
5877,8530,4124.080078125
5878,8533,4136.27978515625
5879,8534,4109.89990234375
5880,8535,4158.77001953125
5881,8536,4198.0498046875
5882,8537,4191.97998046875
5883,8540,4192.6298828125
5884,8541,4145.580078125
5885,8542,4115.240234375
5886,8543,4151.27978515625
5887,8544,4205.4501953125
5888,8548,4205.52001953125
5889,8549,4179.830078125
5890,8550,4221.02001953125
5891,8551,4282.3701171875
5892,8554,4273.7900390625
5893,8555,4283.85009765625
5894,8556,4267.52001953125
5895,8557,4293.93017578125
5896,8558,4298.85986328125
5897,8561,4338.93017578125
5898,8562,4369.009765625
5899,8563,4372.58984375
5900,8564,4425.83984375
5901,8565,4409.58984375
5902,8569,4388.7099609375
5903,8570,4365.68994140625
5904,8571,4381.89013671875
5905,8572,4348.330078125
5906,8575,4328.81982421875
5907,8576,4378.41015625
5908,8577,4376.85986328125
5909,8578,4396.43994140625
5910,8579,4450.3798828125
5911,8582,4455.58984375
5912,8584,4446.81982421875
5913,8585,4411.58984375
5914,8586,4398.9501953125
5915,8589,4409.52978515625
5916,8590,4439.259765625
5917,8591,4472.16015625
5918,8592,4510.0400390625
5919,8593,4505.419921875
5920,8596,4522.7900390625
5921,8597,4554.97998046875
5922,8598,4565.72021484375
5923,8599,4534.8701171875
5924,8600,4536.33984375
5925,8603,4554.64013671875
5926,8604,4567.4599609375
5927,8605,4566.75
5928,8606,4537.41015625
5929,8607,4582.22998046875
5930,8610,4588.9599609375
5931,8611,4576.72998046875
5932,8612,4513.39013671875
5933,8613,4501.89013671875
5934,8614,4478.02978515625
5935,8617,4518.43994140625
5936,8618,4499.3798828125
5937,8619,4467.7099609375
5938,8620,4468.830078125
5939,8621,4464.0498046875
5940,8624,4489.72021484375
5941,8625,4437.85986328125
5942,8626,4404.330078125
5943,8627,4370.35986328125
5944,8628,4369.7099609375
5945,8631,4399.77001953125
5946,8632,4387.5498046875
5947,8633,4436.009765625
5948,8634,4376.31005859375
5949,8635,4405.7099609375
5950,8638,4433.31005859375
5951,8639,4497.6298828125
5952,8640,4514.8701171875
5953,8641,4507.66015625
5954,8642,4515.77001953125
5955,8646,4496.830078125
5956,8647,4465.47998046875
5957,8648,4451.14013671875
5958,8649,4457.490234375
5959,8652,4487.4599609375
5960,8653,4461.89990234375
5961,8654,4467.43994140625
5962,8655,4505.10009765625
5963,8656,4450.31982421875
5964,8659,4453.52978515625
5965,8660,4443.9501953125
5966,8661,4402.2001953125
5967,8662,4330.0
5968,8663,4320.06005859375
5969,8666,4337.43994140625
5970,8667,4273.52978515625
5971,8668,4274.509765625
5972,8669,4299.7001953125
5973,8670,4288.0498046875
5974,8673,4288.39013671875
5975,8674,4229.4501953125
5976,8675,4263.75
5977,8676,4258.18994140625
5978,8677,4308.5
5979,8680,4335.66015625
5980,8681,4358.240234375
5981,8682,4376.9501953125
5982,8683,4349.60986328125
5983,8684,4327.77978515625
5984,8687,4373.6298828125
5985,8688,4373.2001953125
5986,8689,4314.60009765625
5987,8690,4278.0
5988,8691,4224.16015625
5989,8694,4217.0400390625
5990,8695,4247.68017578125
5991,8696,4186.77001953125
5992,8697,4137.22998046875
5993,8698,4117.3701171875
5994,8701,4166.81982421875
5995,8702,4193.7998046875
5996,8703,4237.85986328125
5997,8704,4317.77978515625
5998,8705,4358.33984375
5999,8708,4365.97998046875
6000,8709,4378.3798828125
6001,8710,4382.77978515625
6002,8711,4347.35009765625
6003,8712,4415.240234375
6004,8715,4411.5498046875
6005,8716,4495.7001953125
6006,8717,4502.8798828125
6007,8718,4508.240234375
6008,8719,4514.02001953125
6009,8722,4547.3798828125
6010,8723,4538.18994140625
6011,8724,4556.6201171875
6012,8726,4559.33984375
6013,8729,4550.43017578125
6014,8730,4554.89013671875
6015,8731,4550.580078125
6016,8732,4567.7998046875
6017,8733,4594.6298828125
6018,8736,4569.77978515625
6019,8737,4567.18017578125
6020,8738,4549.33984375
6021,8739,4585.58984375
6022,8740,4604.3701171875
6023,8743,4622.43994140625
6024,8744,4643.7001953125
6025,8745,4707.08984375
6026,8746,4719.5498046875
6027,8747,4719.18994140625
6028,8750,4740.56005859375
6029,8751,4768.3701171875
6030,8752,4698.35009765625
6031,8753,4746.75
6032,8754,4754.6298828125
6033,8758,4774.75
6034,8759,4781.580078125
6035,8760,4783.35009765625
6036,8761,4769.830078125
6037,8765,4742.830078125
6038,8766,4704.81005859375
6039,8767,4688.68017578125
6040,8768,4697.240234375
6041,8771,4763.5400390625
6042,8772,4756.5
6043,8773,4783.4501953125
6044,8774,4780.240234375
6045,8775,4783.830078125
6046,8779,4765.97998046875
6047,8780,4739.2099609375
6048,8781,4780.93994140625
6049,8782,4839.81005859375
6050,8785,4850.43017578125
6051,8786,4864.60009765625
6052,8787,4868.5498046875
6053,8788,4894.16015625
6054,8789,4890.97021484375
6055,8792,4927.93017578125
6056,8793,4924.97021484375
6057,8794,4845.64990234375
6058,8795,4906.18994140625
6059,8796,4958.60986328125
6060,8799,4942.81005859375
6061,8800,4954.22998046875
6062,8801,4995.06005859375
6063,8802,4997.91015625
6064,8803,5026.60986328125
6065,8806,5021.83984375
6066,8807,4953.169921875
6067,8808,5000.6201171875
6068,8809,5029.72998046875
6069,8810,5005.56982421875
6070,8814,4975.509765625
6071,8815,4981.7998046875
6072,8816,5087.02978515625
6073,8817,5088.7998046875
6074,8820,5069.52978515625
6075,8821,5078.18017578125
6076,8822,5069.759765625
6077,8823,5096.27001953125
6078,8824,5137.080078125
6079,8827,5130.9501953125
6080,8828,5078.64990234375
6081,8829,5104.759765625
6082,8830,5157.35986328125
6083,8831,5123.68994140625
6084,8834,5117.93994140625
6085,8835,5175.27001953125
6086,8836,5165.31005859375
6087,8837,5150.47998046875
6088,8838,5117.08984375
6089,8841,5149.419921875
6090,8842,5178.509765625
6091,8843,5224.6201171875
6092,8844,5241.52978515625
6093,8845,5234.18017578125
6094,8848,5218.18994140625
6095,8849,5203.580078125
6096,8850,5248.490234375
6097,8851,5254.35009765625
6098,8855,5243.77001953125
6099,8856,5205.81005859375
6100,8857,5211.490234375
6101,8858,5147.2099609375
6102,8859,5204.33984375
6103,8862,5202.39013671875
6104,8863,5209.91015625
6105,8864,5160.64013671875
6106,8865,5199.06005859375
6107,8866,5123.41015625
6108,8869,5061.81982421875
6109,8870,5051.41015625
6110,8871,5022.2099609375
6111,8872,5011.1201171875
6112,8873,4967.22998046875
6113,8876,5010.60009765625
6114,8877,5070.5498046875
6115,8878,5071.6298828125
6116,8879,5048.419921875
6117,8880,5099.9599609375
6118,8883,5116.169921875
6119,8884,5035.68994140625
6120,8885,5018.39013671875
6121,8886,5064.2001953125
6122,8887,5127.7900390625
6123,8890,5180.740234375
6124,8891,5187.7001953125
6125,8892,5187.669921875
6126,8893,5214.080078125
6127,8894,5222.68017578125
6128,8897,5221.419921875
6129,8898,5246.68017578125
6130,8899,5308.14990234375
6131,8900,5297.10009765625
6132,8901,5303.27001953125
6133,8904,5308.1298828125
6134,8905,5321.41015625
6135,8906,5307.009765625
6136,8907,5267.83984375
6137,8908,5304.72021484375
6138,8912,5306.0400390625
6139,8913,5266.9501953125
6140,8914,5235.47998046875
6141,8915,5277.509765625
6142,8918,5283.39990234375
6143,8919,5291.33984375
6144,8920,5354.02978515625
6145,8921,5352.9599609375
6146,8922,5346.990234375
6147,8925,5360.7900390625
6148,8926,5375.31982421875
6149,8927,5421.02978515625
6150,8928,5433.740234375
6151,8929,5431.60009765625
6152,8932,5473.22998046875
6153,8933,5487.02978515625
6154,8935,5473.169921875
6155,8936,5464.6201171875
6156,8939,5447.8701171875
6157,8940,5469.2998046875
6158,8941,5477.89990234375
6159,8942,5482.8701171875
6160,8943,5460.47998046875
6161,8946,5475.08984375
6162,8947,5509.009765625
6163,8948,5537.02001953125
6164,8950,5567.18994140625
6165,8953,5572.85009765625
6166,8954,5576.97998046875
6167,8955,5633.91015625
6168,8956,5584.5400390625
6169,8957,5615.35009765625
6170,8960,5631.22021484375
6171,8961,5667.2001953125
6172,8962,5588.27001953125
6173,8963,5544.58984375
6174,8964,5505.0
6175,8967,5564.41015625
6176,8968,5555.740234375
6177,8969,5427.1298828125
6178,8970,5399.22021484375
6179,8971,5459.10009765625
6180,8974,5463.5400390625
6181,8975,5436.43994140625
6182,8976,5522.2998046875
6183,8977,5446.68017578125
6184,8978,5346.56005859375
6185,8981,5186.330078125
6186,8982,5240.02978515625
6187,8983,5199.5
6188,8984,5319.31005859375
6189,8985,5344.16015625
6190,8988,5344.39013671875
6191,8989,5434.43017578125
6192,8990,5455.2099609375
6193,8991,5543.22021484375
6194,8992,5554.25
6195,8995,5608.25
6196,8996,5597.1201171875
6197,8997,5620.85009765625
6198,8998,5570.64013671875
6199,8999,5634.60986328125
6200,9002,5616.83984375
6201,9003,5625.7998046875
6202,9004,5592.18017578125
6203,9005,5591.9599609375
6204,9006,5648.39990234375
6205,9010,5528.93017578125
6206,9011,5520.06982421875
6207,9012,5503.41015625
6208,9013,5408.419921875
6209,9016,5471.0498046875
6210,9017,5495.52001953125
6211,9018,5554.1298828125
6212,9019,5595.759765625
6213,9020,5626.02001953125
6214,9023,5633.08984375
6215,9024,5634.580078125
6216,9025,5618.259765625
6217,9026,5713.64013671875
6218,9027,5702.5498046875
6219,9030,5718.56982421875
6220,9031,5732.93017578125
6221,9032,5722.259765625
6222,9033,5745.3701171875
6223,9034,5738.169921875
6224,9037,5762.47998046875
6225,9038,5708.75
6226,9039,5709.5400390625
6227,9040,5699.93994140625
6228,9041,5751.06982421875
6229,9044,5695.93994140625
6230,9045,5751.1298828125
6231,9046,5792.0400390625
6232,9047,5780.0498046875
6233,9048,5815.02978515625
6234,9051,5859.85009765625
6235,9052,5815.259765625
6236,9053,5842.47021484375
6237,9054,5841.47021484375
6238,9055,5864.669921875
6239,9058,5853.97998046875
6240,9059,5851.2001953125
6241,9060,5797.419921875
6242,9061,5809.85986328125
6243,9062,5808.1201171875
6244,9065,5823.52001953125
6245,9066,5832.919921875
6246,9067,5813.669921875
6247,9068,5705.4501953125
6248,9069,5728.7998046875
6249,9072,5712.68994140625
6250,9073,5782.759765625
6251,9074,5929.0400390625
6252,9075,5973.10009765625
6253,9076,5995.5400390625
6254,9079,6001.35009765625
6255,9080,5983.990234375
6256,9081,5985.3798828125
6257,9082,5949.169921875
6258,9083,5870.6201171875
6259,9086,5893.6201171875
6260,9087,5916.97998046875
6261,9088,5917.10986328125
6262,9089,5948.7099609375
6263,9090,5969.33984375
6264,9093,5987.3701171875
6265,9094,6021.6298828125
6266,9095,5998.740234375
6267,9097,6032.3798828125
6268,9100,6047.14990234375
6269,9101,6049.8798828125
6270,9102,6086.490234375
6271,9103,6075.10986328125
6272,9104,6090.27001953125
6273,9107,6052.85009765625
6274,9108,6034.91015625
6275,9109,6084.18994140625
6276,9110,6051.25
6277,9111,6051.08984375
6278,9114,6074.080078125
6279,9115,6050.60986328125
6280,9116,5872.16015625
6281,9117,5867.080078125
6282,9118,5930.85009765625
6283,9121,5974.06982421875
6284,9122,6040.0400390625
6285,9124,6037.58984375
6286,9125,5970.83984375
6287,9128,5906.93994140625
6288,9129,5881.6298828125
6289,9131,5868.5498046875
6290,9132,5942.47021484375
6291,9135,5975.3798828125
6292,9136,5909.02978515625
6293,9137,5918.25
6294,9139,5827.0400390625
6295,9142,5836.22021484375
6296,9143,5842.91015625
6297,9144,5949.91015625
6298,9145,5937.33984375
6299,9146,5996.66015625
6300,9150,6049.240234375
6301,9151,6086.3701171875
6302,9152,6118.7099609375
6303,9153,6101.240234375
6304,9156,6012.27978515625
6305,9157,6067.7001953125
6306,9158,6039.31005859375
6307,9159,6071.169921875
6308,9160,6040.52978515625
6309,9163,5994.56982421875
6310,9164,6037.8798828125
6311,9165,6061.47998046875
6312,9166,6083.56982421875
6313,9167,6025.990234375
6314,9170,6066.43994140625
6315,9171,6068.5
6316,9172,6051.97021484375
6317,9173,6115.06982421875
6318,9174,6114.6298828125
6319,9178,6129.580078125
6320,9179,6144.14990234375
6321,9180,6117.52001953125
6322,9181,6013.1298828125
6323,9184,5983.25
6324,9185,5955.25
6325,9186,5956.06005859375
6326,9187,5861.56982421875
6327,9188,5954.5
6328,9191,5849.72021484375
6329,9192,5778.14990234375
6330,9193,5842.6298828125
6331,9194,5738.52001953125
6332,9195,5770.2001953125
6333,9198,5614.56005859375
6334,9199,5572.06982421875
6335,9200,5599.2998046875
6336,9201,5521.52001953125
6337,9202,5638.93994140625
6338,9205,5675.1201171875
6339,9206,5614.66015625
6340,9207,5675.2900390625
6341,9208,5662.89013671875
6342,9209,5667.56005859375
6343,9212,5767.56982421875
6344,9213,5776.64990234375
6345,9214,5712.2001953125
6346,9215,5693.31005859375
6347,9216,5580.93994140625
6348,9219,5611.85009765625
6349,9220,5633.06982421875
6350,9221,5670.97021484375
6351,9222,5396.52001953125
6352,9223,5074.080078125
6353,9226,5062.25
6354,9227,4982.77001953125
6355,9228,5456.89990234375
6356,9229,5268.0498046875
6357,9230,5363.35986328125
6358,9233,5405.97021484375
6359,9234,5396.6298828125
6360,9235,5275.7001953125
6361,9236,5282.7001953125
6362,9240,5158.2001953125
6363,9241,5287.759765625
6364,9242,5375.85986328125
6365,9243,5484.77001953125
6366,9244,5525.2099609375
6367,9247,5528.75
6368,9248,5560.830078125
6369,9249,5569.06005859375
6370,9250,5604.14013671875
6371,9251,5686.669921875
6372,9254,5650.3798828125
6373,9255,5606.91015625
6374,9256,5631.27978515625
6375,9257,5663.93994140625
6376,9258,5659.91015625
6377,9261,5844.18994140625
6378,9262,5886.5498046875
6379,9263,5892.580078125
6380,9264,5916.93017578125
6381,9265,5958.3798828125
6382,9268,5963.60009765625
6383,9269,5940.4599609375
6384,9270,5844.60986328125
6385,9271,5842.009765625
6386,9272,5802.81982421875
6387,9276,5921.5400390625
6388,9277,5888.5498046875
6389,9278,5912.169921875
6390,9279,5911.68994140625
6391,9282,5935.93994140625
6392,9283,5970.3701171875
6393,9284,5970.81005859375
6394,9285,5939.2998046875
6395,9286,6000.35986328125
6396,9289,6005.8798828125
6397,9290,6038.81005859375
6398,9291,6022.240234375
6399,9292,6045.259765625
6400,9293,5976.97021484375
6401,9296,6033.10986328125
6402,9297,5982.72021484375
6403,9298,5980.8701171875
6404,9300,5967.83984375
6405,9303,6025.169921875
6406,9304,6092.18017578125
6407,9305,6092.16015625
6408,9306,6141.02001953125
6409,9307,6173.06982421875
6410,9310,6204.9501953125
